,Organism,Strain,Status,TypeSpecies,New_Genus,New_Species,Completeness,Contamination,CladeID,BioSample,BioProject,Group,SubGroup,Assembly,Size,GC,Scaffolds,Release Date,Modify Date,Level,RefSeq FTP,GenBank FTP,AssemblyName,FileName
0,Synechococcus_sp_PCC_7336,PCC 7336,Prev,yes,Brevicoccus,berkleyi,99.76,0.0,21529,SAMN02261338 ,PRJNA158719,Terrabacteria group,Cyanobacteria/Melainabacteria group,GCA_000332275.1,5.0666400000000005,53.7,1,2013/01/18,2017/04/17,Chromosome,ftp://ftp.ncbi.nlm.nih.gov/genomes/all/GCF/000/332/275/GCF_000332275.1_ASM33227v1,ftp://ftp.ncbi.nlm.nih.gov/genomes/all/GCA/000/332/275/GCA_000332275.1_ASM33227v1,ASM33227v1,GCA_000332275.1_ASM33227v1
1,Synechococcus_sp_PCC_7335,PCC 7335,Prev,yes,Coccusdissimilis,mexicanus,99.76,0.47,19205,SAMN02436177 ,PRJNA19377,Terrabacteria group,Cyanobacteria/Melainabacteria group,GCA_000155595.1,5.97356,48.2,11,2008/07/08,2017/04/17,Scaffold,ftp://ftp.ncbi.nlm.nih.gov/genomes/all/GCF/000/155/595/GCF_000155595.1_ASM15559v1,ftp://ftp.ncbi.nlm.nih.gov/genomes/all/GCA/000/155/595/GCA_000155595.1_ASM15559v1,ASM15559v1,GCA_000155595.1_ASM15559v1
2,Synechococcus_sp_PCC_7002__ATCC_27264,PCC 7002,Prev,yes,Enugrolinea,euryhalinus,100.0,0.0,19207,SAMN01081740 ,PRJNA28247,Terrabacteria group,Cyanobacteria/Melainabacteria group,GCA_000019485.1,3.40993,49.1616,7,2008/03/14,2017/04/17,Complete Genome,ftp://ftp.ncbi.nlm.nih.gov/genomes/all/GCF/000/019/485/GCF_000019485.1_ASM1948v1,ftp://ftp.ncbi.nlm.nih.gov/genomes/all/GCA/000/019/485/GCA_000019485.1_ASM1948v1,ASM1948v1,GCA_000019485.1_ASM1948v1
3,Synechococcus_sp_PCC_7117,PCC 7117,Add,no,Enugrolinea,euryhalinus,100.0,0.0,19207,SAMN04422303 ,PRJNA308952,Terrabacteria group,Cyanobacteria/Melainabacteria group,GCA_001693275.1,3.4321,49.1233,6,2016/07/25,2017/04/17,Complete Genome,ftp://ftp.ncbi.nlm.nih.gov/genomes/all/GCF/001/693/275/GCF_001693275.1_ASM169327v1,ftp://ftp.ncbi.nlm.nih.gov/genomes/all/GCA/001/693/275/GCA_001693275.1_ASM169327v1,ASM169327v1,GCA_001693275.1_ASM169327v1
4,Synechococcus_sp_PCC_8807,PCC 8807,Add,no,Enugrolinea,euryhalinus,100.0,0.0,19207,SAMN04422305 ,PRJNA308952,Terrabacteria group,Cyanobacteria/Melainabacteria group,GCA_001693295.1,3.30409,49.3702,7,2016/07/25,2017/04/17,Complete Genome,ftp://ftp.ncbi.nlm.nih.gov/genomes/all/GCF/001/693/295/GCF_001693295.1_ASM169329v1,ftp://ftp.ncbi.nlm.nih.gov/genomes/all/GCA/001/693/295/GCA_001693295.1_ASM169329v1,ASM169329v1,GCA_001693295.1_ASM169329v1
5,Synechococcus_sp_OG1,OG1,Add,no,Enugrolinea,euryhalinus,100.0,0.0,19207,SAMN06272755 ,PRJEB20449,Terrabacteria group,Cyanobacteria/Melainabacteria group,GCA_900177365.1,3.43394,49.2,6,2017/04/21,2017/05/01,Contig,ftp://ftp.ncbi.nlm.nih.gov/genomes/all/GCF/900/177/365/GCF_900177365.1_IMG-taxon_2708742537_annotated_assembly,ftp://ftp.ncbi.nlm.nih.gov/genomes/all/GCA/900/177/365/GCA_900177365.1_IMG-taxon_2708742537_annotated_assembly,IMG-taxon_2708742537_annotated_assembly,GCA_900177365.1_IMG-taxon_2708742537_annotated_assembly
6,Synechococcus_sp_PCC_73109,PCC 73109,Add,no,Enugrolinea,euryhalinus,99.76,0.12,19207,SAMN04422304 ,PRJNA308952,Terrabacteria group,Cyanobacteria/Melainabacteria group,GCA_001521855.1,3.2986800000000005,49.3382,6,2016/01/21,2017/04/16,Complete Genome,ftp://ftp.ncbi.nlm.nih.gov/genomes/all/GCF/001/521/855/GCF_001521855.1_ASM152185v1,ftp://ftp.ncbi.nlm.nih.gov/genomes/all/GCA/001/521/855/GCA_001521855.1_ASM152185v1,ASM152185v1,GCA_001521855.1_ASM152185v1
7,Synechococcus_sp_NKBG042902,NKBG042902,Add,no,Enugrolinea,euryhalinus,99.76,0.0,19207,SAMD00000348 ,PRJDB1723,Terrabacteria group,Cyanobacteria/Melainabacteria group,GCA_000715475.1,3.3194800000000004,49.4,77,2014/06/27,2017/04/17,Contig,ftp://ftp.ncbi.nlm.nih.gov/genomes/all/GCF/000/715/475/GCF_000715475.1_ASM71547v1,ftp://ftp.ncbi.nlm.nih.gov/genomes/all/GCA/000/715/475/GCA_000715475.1_ASM71547v1,ASM71547v1,GCA_000715475.1_ASM71547v1
8,Synechococcus_sp_BDU_130192,BDU 130192,Add,no,Enugrolinea,euryhalinus,99.76,0.0,19207,SAMN07733358 ,PRJNA412967,Terrabacteria group,Cyanobacteria/Melainabacteria group,GCA_002721235.1,3.25711,49.3,62,2017/10/25,2017/10/28,Scaffold,ftp://ftp.ncbi.nlm.nih.gov/genomes/all/GCF/002/721/235/GCF_002721235.1_ASM272123v1,ftp://ftp.ncbi.nlm.nih.gov/genomes/all/GCA/002/721/235/GCA_002721235.1_ASM272123v1,ASM272123v1,GCA_002721235.1_ASM272123v1
9,Synechococcus_sp_PCC_7002,PCC_7002,Add,no,Enugrolinea,euryhalinus,99.75,0.0,19207,SAMN06272774 ,PRJEB20275,Terrabacteria group,Cyanobacteria/Melainabacteria group,GCA_900177825.1,3.4344300000000003,49.2,6,2017/05/13,2017/05/24,Contig,ftp://ftp.ncbi.nlm.nih.gov/genomes/all/GCF/900/177/825/GCF_900177825.1_IMG-taxon_2708742468_annotated_assembly,ftp://ftp.ncbi.nlm.nih.gov/genomes/all/GCA/900/177/825/GCA_900177825.1_IMG-taxon_2708742468_annotated_assembly,IMG-taxon_2708742468_annotated_assembly,GCA_900177825.1_IMG-taxon_2708742468_annotated_assembly
10,Synechococcus_sp_PCC_7003,PCC 7003,Sp,no,Enugrolinea,sp.,100.0,0.12,19207,SAMN04422302 ,PRJNA308952,Terrabacteria group,Cyanobacteria/Melainabacteria group,GCA_001693255.1,3.3450900000000003,49.3031,3,2016/07/25,2017/04/17,Complete Genome,ftp://ftp.ncbi.nlm.nih.gov/genomes/all/GCF/001/693/255/GCF_001693255.1_ASM169325v1,ftp://ftp.ncbi.nlm.nih.gov/genomes/all/GCA/001/693/255/GCA_001693255.1_ASM169325v1,ASM169325v1,GCA_001693255.1_ASM169325v1
11,Synechococcus_sp_NKBG15041c,NKBG15041c,Sp,yes,Enugrolinea,sp.,99.76,0.28,23343,SAMD00036772 ,PRJDB1488,Terrabacteria group,Cyanobacteria/Melainabacteria group,GCA_000485815.1,3.18004,49.3,44,2013/10/22,2017/04/09,Contig,ftp://ftp.ncbi.nlm.nih.gov/genomes/all/GCF/000/485/815/GCF_000485815.1_ASM48581v1,ftp://ftp.ncbi.nlm.nih.gov/genomes/all/GCA/000/485/815/GCA_000485815.1_ASM48581v1,ASM48581v1,GCA_000485815.1_ASM48581v1
12,Synechococcus_sp_NIES-970,NIES-970,Sp,no,Enugrolinea,sp.,99.53,0.74,23343,SAMD00051107 ,PRJDB4740,Terrabacteria group,Cyanobacteria/Melainabacteria group,GCA_002356215.1,3.1238599999999996,49.4284,5,2017/02/08,2017/10/17,Complete Genome,ftp://ftp.ncbi.nlm.nih.gov/genomes/all/GCF/002/356/215/GCF_002356215.1_ASM235621v1,ftp://ftp.ncbi.nlm.nih.gov/genomes/all/GCA/002/356/215/GCA_002356215.1_ASM235621v1,ASM235621v1,GCA_002356215.1_ASM235621v1
13,Synechococcus_sp_RCC307,RCC307,Prev,yes,Inmanicoccus,mediterranei,99.69,0.0,19188,SAMEA3138265 ,PRJNA13654,Terrabacteria group,Cyanobacteria/Melainabacteria group,GCA_000063525.1,2.22491,60.8,1,2007/05/19,2017/04/17,Complete Genome,ftp://ftp.ncbi.nlm.nih.gov/genomes/all/GCF/000/063/525/GCF_000063525.1_ASM6352v1,ftp://ftp.ncbi.nlm.nih.gov/genomes/all/GCA/000/063/525/GCA_000063525.1_ASM6352v1,ASM6352v1,GCA_000063525.1_ASM6352v1
14,Synechococcus_sp_MED-G67,MED-G67,Add,no,Inmanicoccus,mediterranei,82.16,0.24,-,SAMN08905477 ,PRJNA352798,Terrabacteria group,Cyanobacteria/Melainabacteria group,GCA_003331795.1,1.67993,61.7,30,2018/07/20,2018/07/20,Contig,-,ftp://ftp.ncbi.nlm.nih.gov/genomes/all/GCA/003/331/795/GCA_003331795.1_ASM333179v1,ASM333179v1,GCA_003331795.1_ASM333179v1
15,Synechococcus_sp_TMED185,TMED185,Add,no,Inmanicoccus,mediterranei,60.69,5.18,-,SAMN06972039 ,PRJNA385857,Terrabacteria group,Cyanobacteria/Melainabacteria group,GCA_002172045.1,1.4245700000000001,61.1,69,2017/06/05,2018/11/23,Contig,-,ftp://ftp.ncbi.nlm.nih.gov/genomes/all/GCA/002/172/045/GCA_002172045.1_ASM217204v1,ASM217204v1,GCA_002172045.1_ASM217204v1
16,Synechococcus_sp_TMED169,TMED169,Sp,no,Inmanicoccus,sp.,64.04,7.41,-,SAMN06972023 ,PRJNA385857,Terrabacteria group,Cyanobacteria/Melainabacteria group,GCA_002172175.1,1.52124,57.9,97,2017/06/05,2018/11/23,Contig,-,ftp://ftp.ncbi.nlm.nih.gov/genomes/all/GCA/002/172/175/GCA_002172175.1_ASM217217v1,ASM217217v1,GCA_002172175.1_ASM217217v1
17,Synechococcus_sp_TMED19,TMED19,Sp,no,Inmanicoccus,sp.,93.76,4.9,-,SAMN06971873 ,PRJNA385857,Terrabacteria group,Cyanobacteria/Melainabacteria group,GCA_002168155.1,2.07488,60.1,56,2017/06/05,2018/11/23,Contig,-,ftp://ftp.ncbi.nlm.nih.gov/genomes/all/GCA/002/168/155/GCA_002168155.1_ASM216815v1,ASM216815v1,GCA_002168155.1_ASM216815v1
18,Synechococcus_sp_MED-G71,MED-G71,Sp,no,Inmanicoccus,sp.,87.88,0.24,-,SAMN08905481 ,PRJNA352798,Terrabacteria group,Cyanobacteria/Melainabacteria group,GCA_003331225.1,1.8338299999999998,63.1,45,2018/07/20,2018/07/20,Contig,-,ftp://ftp.ncbi.nlm.nih.gov/genomes/all/GCA/003/331/225/GCA_003331225.1_ASM333122v1,ASM333122v1,GCA_003331225.1_ASM333122v1
19,Synechococcus_sp_TMED155,TMED155,Sp,no,Inmanicoccus,sp.,75.18,1.03,-,SAMN06972009 ,PRJNA385857,Terrabacteria group,Cyanobacteria/Melainabacteria group,GCA_002171075.2,1.6949299999999998,61.8,47,2017/06/05,2018/11/25,Contig,-,ftp://ftp.ncbi.nlm.nih.gov/genomes/all/GCA/002/171/075/GCA_002171075.2_ASM217107v2,ASM217107v2,GCA_002171075.2_ASM217107v2
20,Synechococcus_lacustris,TousA,Sp,yes,Lacustricoccus,sp.,98.75,2.12,54939,SAMN08610144 ,PRJNA435996,Terrabacteria group,Cyanobacteria/Melainabacteria group,GCA_003011125.1,2.66888,51.7,305,2018/03/19,2019/03/19,Scaffold,ftp://ftp.ncbi.nlm.nih.gov/genomes/all/GCF/003/011/125/GCF_003011125.1_ASM301112v1,ftp://ftp.ncbi.nlm.nih.gov/genomes/all/GCA/003/011/125/GCA_003011125.1_ASM301112v1,ASM301112v1,GCA_003011125.1_ASM301112v1
21,Synechococcus_lacustris_str_Tous,TousB,Sp,no,Lacustricoccus,sp.,91.76,0.0,-,SAMN05915836 ,PRJNA342151,Terrabacteria group,Cyanobacteria/Melainabacteria group,GCA_002006815.1,1.79167,52.6,46,2017/02/24,2017/02/24,Contig,-,ftp://ftp.ncbi.nlm.nih.gov/genomes/all/GCA/002/006/815/GCA_002006815.1_ASM200681v1,ASM200681v1,GCA_002006815.1_ASM200681v1
22,Synechococcus_sp_Lanier,Lanier,Sp,no,Lacustricoccus,sp.,75.41,0.0,-,SAMN05915837 ,PRJNA342151,Terrabacteria group,Cyanobacteria/Melainabacteria group,GCA_002151525.1,1.47574,51.4,79,2017/05/19,2017/05/19,Contig,-,ftp://ftp.ncbi.nlm.nih.gov/genomes/all/GCA/002/151/525/GCA_002151525.1_ASM215152v1,ASM215152v1,GCA_002151525.1_ASM215152v1
23,Synechococcus_sp_JA-2-3-Ba,JA-2-3-Ba,Prev,yes,Leptococcus,springii,100.0,0.0,19204,SAMN02604049 ,PRJNA16252,Terrabacteria group,Cyanobacteria/Melainabacteria group,GCA_000013225.1,3.04668,58.5,1,2006/02/06,2017/04/17,Complete Genome,ftp://ftp.ncbi.nlm.nih.gov/genomes/all/GCF/000/013/225/GCF_000013225.1_ASM1322v1,ftp://ftp.ncbi.nlm.nih.gov/genomes/all/GCA/000/013/225/GCA_000013225.1_ASM1322v1,ASM1322v1,GCA_000013225.1_ASM1322v1
24,Synechococcus_sp_65AY6A5,65AY6A5,Add,no,Leptococcus,yellowstonii,100.0,0.24,19203,SAMN07981246 ,PRJNA210217,Terrabacteria group,Cyanobacteria/Melainabacteria group,GCA_002760415.1,2.98183,59.8,9,2017/11/07,2017/11/09,Scaffold,ftp://ftp.ncbi.nlm.nih.gov/genomes/all/GCF/002/760/415/GCF_002760415.1_ASM276041v1,ftp://ftp.ncbi.nlm.nih.gov/genomes/all/GCA/002/760/415/GCA_002760415.1_ASM276041v1,ASM276041v1,GCA_002760415.1_ASM276041v1
25,Synechococcus_sp_60AY4M2,60AY4M2,Add,no,Leptococcus,yellowstonii,99.88,0.24,19203,SAMN07981243 ,PRJNA210214,Terrabacteria group,Cyanobacteria/Melainabacteria group,GCA_002760375.1,3.16282,59.3,6,2017/11/07,2017/11/09,Scaffold,ftp://ftp.ncbi.nlm.nih.gov/genomes/all/GCF/002/760/375/GCF_002760375.1_ASM276037v1,ftp://ftp.ncbi.nlm.nih.gov/genomes/all/GCA/002/760/375/GCA_002760375.1_ASM276037v1,ASM276037v1,GCA_002760375.1_ASM276037v1
26,Synechococcus_sp_JA-3-3Ab,JA-3-3Ab,Prev,yes,Leptococcus,yellowstonii,99.76,0.0,19203,SAMN02604048 ,PRJNA16251,Terrabacteria group,Cyanobacteria/Melainabacteria group,GCA_000013205.1,2.93277,60.2,1,2006/02/06,2017/04/17,Complete Genome,ftp://ftp.ncbi.nlm.nih.gov/genomes/all/GCF/000/013/205/GCF_000013205.1_ASM1320v1,ftp://ftp.ncbi.nlm.nih.gov/genomes/all/GCA/000/013/205/GCA_000013205.1_ASM1320v1,ASM1320v1,GCA_000013205.1_ASM1320v1
27,Synechococcus_sp_65AY6Li,65AY6Li,Add,no,Leptococcus,yellowstonii,99.65,0.0,19203,SAMN07981244 ,PRJNA209725,Terrabacteria group,Cyanobacteria/Melainabacteria group,GCA_002760345.1,2.93322,60.1,2,2017/11/07,2017/11/09,Scaffold,ftp://ftp.ncbi.nlm.nih.gov/genomes/all/GCF/002/760/345/GCF_002760345.1_ASM276034v1,ftp://ftp.ncbi.nlm.nih.gov/genomes/all/GCA/002/760/345/GCA_002760345.1_ASM276034v1,ASM276034v1,GCA_002760345.1_ASM276034v1
28,Synechococcus_sp_65AY640,65AY640,Add,no,Leptococcus,yellowstonii,99.65,0.24,19203,SAMN07981241 ,PRJNA210216,Terrabacteria group,Cyanobacteria/Melainabacteria group,GCA_002760445.1,3.1610099999999997,59.2,6,2017/11/07,2017/11/09,Scaffold,ftp://ftp.ncbi.nlm.nih.gov/genomes/all/GCF/002/760/445/GCF_002760445.1_ASM276044v1,ftp://ftp.ncbi.nlm.nih.gov/genomes/all/GCA/002/760/445/GCA_002760445.1_ASM276044v1,ASM276044v1,GCA_002760445.1_ASM276044v1
29,Synechococcus_sp_63AY4M2,63AY4M2,Add,no,Leptococcus,yellowstonii,99.41,0.24,19203,SAMN07981245 ,PRJNA210218,Terrabacteria group,Cyanobacteria/Melainabacteria group,GCA_002760475.1,3.09397,59.5,3,2017/11/07,2017/11/09,Scaffold,ftp://ftp.ncbi.nlm.nih.gov/genomes/all/GCF/002/760/475/GCF_002760475.1_ASM276047v1,ftp://ftp.ncbi.nlm.nih.gov/genomes/all/GCA/002/760/475/GCA_002760475.1_ASM276047v1,ASM276047v1,GCA_002760475.1_ASM276047v1
30,Synechococcus_sp_63AY4M1,63AY4M1,Add,no,Leptococcus,yellowstonii,99.29,0.0,19203,SAMN07981242 ,PRJNA210215,Terrabacteria group,Cyanobacteria/Melainabacteria group,GCA_002760395.1,3.15878,59.2,5,2017/11/07,2017/11/09,Scaffold,ftp://ftp.ncbi.nlm.nih.gov/genomes/all/GCF/002/760/395/GCF_002760395.1_ASM276039v1,ftp://ftp.ncbi.nlm.nih.gov/genomes/all/GCA/002/760/395/GCA_002760395.1_ASM276039v1,ASM276039v1,GCA_002760395.1_ASM276039v1
31,Synechococcus_sp_PCC_7502,PCC 7502,Prev,yes,Leptovivax,bogii,99.76,0.0,21547,SAMN02261356 ,PRJNA159509,Terrabacteria group,Cyanobacteria/Melainabacteria group,GCA_000317085.1,3.58373,40.6019,3,2012/12/05,2017/04/08,Complete Genome,ftp://ftp.ncbi.nlm.nih.gov/genomes/all/GCF/000/317/085/GCF_000317085.1_ASM31708v1,ftp://ftp.ncbi.nlm.nih.gov/genomes/all/GCA/000/317/085/GCA_000317085.1_ASM31708v1,ASM31708v1,GCA_000317085.1_ASM31708v1
32,Synechococcus_lividus_PCC_6715,PCC 6715,Sp,yes,Lividococcus,sp.,98.86,0.0,54557,SAMN06008796 ,PRJNA352894,Terrabacteria group,Cyanobacteria/Melainabacteria group,GCA_002754935.1,2.65974,53.5,1,2017/11/06,2017/11/09,Complete Genome,ftp://ftp.ncbi.nlm.nih.gov/genomes/all/GCF/002/754/935/GCF_002754935.1_ASM275493v1,ftp://ftp.ncbi.nlm.nih.gov/genomes/all/GCA/002/754/935/GCA_002754935.1_ASM275493v1,ASM275493v1,GCA_002754935.1_ASM275493v1
33,Synechococcus_sp_XM-24,XM-24,Add,no,Magnicoccus,indicus,100.0,0.12,-,SAMN08724830 ,PRJNA445564,Terrabacteria group,Cyanobacteria/Melainabacteria group,GCA_003149585.1,2.37697,63.3,31,2018/05/23,2018/05/23,Contig,-,ftp://ftp.ncbi.nlm.nih.gov/genomes/all/GCA/003/149/585/GCA_003149585.1_ASM314958v1,ASM314958v1,GCA_003149585.1_ASM314958v1
34,Synechococcus_sp_CB0205,CB0205,Prev,yes,Magnicoccus,indicus,99.29,0.12,19201,SAMN00010406 ,PRJNA46503,Terrabacteria group,Cyanobacteria/Melainabacteria group,GCA_000179255.1,2.42731,63.0,78,2010/06/22,2017/04/17,Contig,ftp://ftp.ncbi.nlm.nih.gov/genomes/all/GCF/000/179/255/GCF_000179255.1_ASM17925v1,ftp://ftp.ncbi.nlm.nih.gov/genomes/all/GCA/000/179/255/GCA_000179255.1_ASM17925v1,ASM17925v1,GCA_000179255.1_ASM17925v1
35,Synechococcus_sp_CB0101,CB0101,Prev,yes,Magnicoccus,sudiatlanticus,100.0,0.35,19202,SAMN00010394 ,PRJNA46501,Terrabacteria group,Cyanobacteria/Melainabacteria group,GCA_000179235.2,2.78965,64.1,1,2019/04/05,2019/05/03,Complete Genome,ftp://ftp.ncbi.nlm.nih.gov/genomes/all/GCF/000/179/235/GCF_000179235.2_ASM17923v2,ftp://ftp.ncbi.nlm.nih.gov/genomes/all/GCA/000/179/235/GCA_000179235.2_ASM17923v2,ASM17923v2,GCA_000179235.2_ASM17923v2
36,Synechococcus_sp_CC9605,CC9605,Prev,yes,Parasynechococcus,africanus,99.76,0.0,19197,SAMN02598311 ,PRJNA13643,Terrabacteria group,Cyanobacteria/Melainabacteria group,GCA_000012625.1,2.5106599999999997,59.2,1,2005/10/27,2017/04/17,Complete Genome,ftp://ftp.ncbi.nlm.nih.gov/genomes/all/GCF/000/012/625/GCF_000012625.1_ASM1262v1,ftp://ftp.ncbi.nlm.nih.gov/genomes/all/GCA/000/012/625/GCA_000012625.1_ASM1262v1,ASM1262v1,GCA_000012625.1_ASM1262v1
37,Synechococcus_sp_CC9902,CC9902,Prev,yes,Parasynechococcus,chilensis,99.53,0.0,19198,SAMN02598312 ,PRJNA13655,Terrabacteria group,Cyanobacteria/Melainabacteria group,GCA_000012505.1,2.23483,54.2,1,2005/10/26,2017/04/17,Complete Genome,ftp://ftp.ncbi.nlm.nih.gov/genomes/all/GCF/000/012/505/GCF_000012505.1_ASM1250v1,ftp://ftp.ncbi.nlm.nih.gov/genomes/all/GCA/000/012/505/GCA_000012505.1_ASM1250v1,ASM1250v1,GCA_000012505.1_ASM1250v1
38,Synechococcus_sp_MED-G69,MED-G69,Add,no,Parasynechococcus,chilensis,87.06,0.0,-,SAMN08905479 ,PRJNA352798,Terrabacteria group,Cyanobacteria/Melainabacteria group,GCA_003331765.1,1.78263,55.2,35,2018/07/20,2018/07/20,Contig,-,ftp://ftp.ncbi.nlm.nih.gov/genomes/all/GCA/003/331/765/GCA_003331765.1_ASM333176v1,ASM333176v1,GCA_003331765.1_ASM333176v1
39,Synechococcus_sp_AG-683-B21,AG-683-B21,Add,no,Parasynechococcus,chilensis,60.59,0.12,-,SAMN08886651 ,PRJNA445865,Terrabacteria group,Cyanobacteria/Melainabacteria group,GCA_003210515.1,1.4343700000000001,53.3,97,2018/06/12,2018/09/11,Contig,-,ftp://ftp.ncbi.nlm.nih.gov/genomes/all/GCA/003/210/515/GCA_003210515.1_ASM321051v1,ASM321051v1,GCA_003210515.1_ASM321051v1
40,Synechococcus_sp_KORDI-49,KORDI-49,Sp,yes,Parasynechococcus,sp.,99.76,0.0,32659,SAMN02202184 ,PRJNA207983,Terrabacteria group,Cyanobacteria/Melainabacteria group,GCA_000737575.1,2.58581,61.4,1,2014/08/04,2017/04/17,Complete Genome,ftp://ftp.ncbi.nlm.nih.gov/genomes/all/GCF/000/737/575/GCF_000737575.1_ASM73757v1,ftp://ftp.ncbi.nlm.nih.gov/genomes/all/GCA/000/737/575/GCA_000737575.1_ASM73757v1,ASM73757v1,GCA_000737575.1_ASM73757v1
41,Synechococcus_sp_MED-G70,MED-G70,Sp,no,Parasynechococcus,sp.,86.11,0.0,-,SAMN08905480 ,PRJNA352798,Terrabacteria group,Cyanobacteria/Melainabacteria group,GCA_003331245.1,1.79938,63.1,36,2018/07/20,2018/07/20,Contig,-,ftp://ftp.ncbi.nlm.nih.gov/genomes/all/GCA/003/331/245/GCA_003331245.1_ASM333124v1,ASM333124v1,GCA_003331245.1_ASM333124v1
42,Synechococcus_sp_UBA9887,UBA9887,Sp,no,Parasynechococcus,sp.,78.42,1.8,-,SAMN08019974 ,PRJNA417962,Terrabacteria group,Cyanobacteria/Melainabacteria group,GCA_003539795.1,1.90661,60.1,188,2018/09/10,2018/09/10,Scaffold,-,ftp://ftp.ncbi.nlm.nih.gov/genomes/all/GCA/003/539/795/GCA_003539795.1_ASM353979v1,ASM353979v1,GCA_003539795.1_ASM353979v1
43,Synechococcus_sp_TMED205,TMED205,Sp,no,Parasynechococcus,sp.,57.37,6.89,-,SAMN06972059 ,PRJNA385857,Terrabacteria group,Cyanobacteria/Melainabacteria group,GCA_002170705.1,1.28039,63.1,45,2017/06/05,2018/11/23,Contig,-,ftp://ftp.ncbi.nlm.nih.gov/genomes/all/GCA/002/170/705/GCA_002170705.1_ASM217070v1,ASM217070v1,GCA_002170705.1_ASM217070v1
44,Synechococcus_sp_WH_8109,WH 8109,Prev,yes,Parasynechococcus,marearabicus,99.41,0.0,19197,SAMN02436260 ,PRJNA37911,Terrabacteria group,Cyanobacteria/Melainabacteria group,GCA_000161795.2,2.11151,60.1,1,2014/01/09,2017/04/17,Complete Genome,ftp://ftp.ncbi.nlm.nih.gov/genomes/all/GCF/000/161/795/GCF_000161795.2_ASM16179v2,ftp://ftp.ncbi.nlm.nih.gov/genomes/all/GCA/000/161/795/GCA_000161795.2_ASM16179v2,ASM16179v2,GCA_000161795.2_ASM16179v2
45,Synechococcus_sp_WH_8103,WH 8103,Add,no,Parasynechococcus,marenigrum,99.76,0.24,19196,SAMEA3233744 ,PRJEB8389,Terrabacteria group,Cyanobacteria/Melainabacteria group,GCA_001182765.1,2.4296900000000003,59.5,1,2015/07/09,2017/04/17,Complete Genome,ftp://ftp.ncbi.nlm.nih.gov/genomes/all/GCF/001/182/765/GCF_001182765.1_WH8103.1,ftp://ftp.ncbi.nlm.nih.gov/genomes/all/GCA/001/182/765/GCA_001182765.1_WH8103.1,WH8103.1,GCA_001182765.1_WH8103.1
46,Synechococcus_sp_WH_8102,WH 8102,Prev,yes,Parasynechococcus,marenigrum,99.53,0.0,19196,SAMEA3138327 ,PRJNA230,Terrabacteria group,Cyanobacteria/Melainabacteria group,GCA_000195975.1,2.43443,59.4,1,2003/08/14,2017/04/17,Complete Genome,ftp://ftp.ncbi.nlm.nih.gov/genomes/all/GCF/000/195/975/GCF_000195975.1_ASM19597v1,ftp://ftp.ncbi.nlm.nih.gov/genomes/all/GCA/000/195/975/GCA_000195975.1_ASM19597v1,ASM19597v1,GCA_000195975.1_ASM19597v1
47,Synechococcus_sp_YX04-3,YX04-3,Add,no,Parasynechococcus,marenigrum,99.53,0.0,-,SAMN10255226 ,PRJNA497203,Terrabacteria group,Cyanobacteria/Melainabacteria group,GCA_003712085.1,2.45968,59.3,16,2018/11/05,2018/11/05,Contig,-,ftp://ftp.ncbi.nlm.nih.gov/genomes/all/GCA/003/712/085/GCA_003712085.1_ASM371208v1,ASM371208v1,GCA_003712085.1_ASM371208v1
48,Synechococcus_sp_CC9616,CC9616,Sp,yes,Parasynechococcus,sp.,99.53,0.0,24906,SAMN02597268 ,PRJNA89559,Terrabacteria group,Cyanobacteria/Melainabacteria group,GCA_000515235.1,2.6459099999999998,56.5,1,2014/01/03,2017/04/17,Scaffold,ftp://ftp.ncbi.nlm.nih.gov/genomes/all/GCF/000/515/235/GCF_000515235.1_ASM51523v1,ftp://ftp.ncbi.nlm.nih.gov/genomes/all/GCA/000/515/235/GCA_000515235.1_ASM51523v1,ASM51523v1,GCA_000515235.1_ASM51523v1
49,Synechococcus_sp_TMED20,TMED20,Sp,no,Parasynechococcus,sp.,86.0,4.47,-,SAMN06971874 ,PRJNA385857,Terrabacteria group,Cyanobacteria/Melainabacteria group,GCA_002167425.2,2.60384,56.2,110,2017/06/05,2018/11/25,Contig,-,ftp://ftp.ncbi.nlm.nih.gov/genomes/all/GCA/002/167/425/GCA_002167425.2_ASM216742v2,ASM216742v2,GCA_002167425.2_ASM216742v2
50,Synechococcus_sp_AG-670-D07,AG-670-D07,Sp,no,Parasynechococcus,sp.,52.1,0.18,-,SAMN08886583 ,PRJNA445865,Terrabacteria group,Cyanobacteria/Melainabacteria group,GCA_003209135.1,1.51431,56.0,129,2018/06/12,2018/09/11,Contig,-,ftp://ftp.ncbi.nlm.nih.gov/genomes/all/GCA/003/209/135/GCA_003209135.1_ASM320913v1,ASM320913v1,GCA_003209135.1_ASM320913v1
51,Synechococcus_sp_BL107,BL107,Prev,yes,Parasynechococcus,nordiatlanticus,99.76,0.0,19198,SAMN02436154 ,PRJNA13559,Terrabacteria group,Cyanobacteria/Melainabacteria group,GCA_000153805.1,2.28503,54.2,1,2006/10/12,2017/04/17,Scaffold,ftp://ftp.ncbi.nlm.nih.gov/genomes/all/GCF/000/153/805/GCF_000153805.1_ASM15380v1,ftp://ftp.ncbi.nlm.nih.gov/genomes/all/GCA/000/153/805/GCA_000153805.1_ASM15380v1,ASM15380v1,GCA_000153805.1_ASM15380v1
52,Synechococcus_sp_AG-679-B05,AG-679-B05,Sp,yes,Parasynechococcus,sp.,81.06,0.21,-,SAMN08886632 ,PRJNA445865,Terrabacteria group,Cyanobacteria/Melainabacteria group,GCA_003210795.1,1.8756,56.2,109,2018/06/12,2018/09/11,Contig,-,ftp://ftp.ncbi.nlm.nih.gov/genomes/all/GCA/003/210/795/GCA_003210795.1_ASM321079v1,ASM321079v1,GCA_003210795.1_ASM321079v1
53,Synechococcus_sp_AG-679-D13,AG-679-D13,Sp,no,Parasynechococcus,sp.,73.69,0.0,-,SAMN08886635 ,PRJNA445865,Terrabacteria group,Cyanobacteria/Melainabacteria group,GCA_003210735.1,2.06215,56.1,90,2018/06/12,2018/09/11,Contig,-,ftp://ftp.ncbi.nlm.nih.gov/genomes/all/GCA/003/210/735/GCA_003210735.1_ASM321073v1,ASM321073v1,GCA_003210735.1_ASM321073v1
54,Synechococcus_sp_AG-673-B04,AG-673-B04,Sp,no,Parasynechococcus,sp.,54.39,0.0,-,SAMN08886603 ,PRJNA445865,Terrabacteria group,Cyanobacteria/Melainabacteria group,GCA_003211235.1,1.40215,55.6,102,2018/06/12,2018/09/11,Contig,-,ftp://ftp.ncbi.nlm.nih.gov/genomes/all/GCA/003/211/235/GCA_003211235.1_ASM321123v1,ASM321123v1,GCA_003211235.1_ASM321123v1
55,Synechococcus_sp_N32,N32,Sp,yes,Parasynechococcus,sp.,100.0,0.0,19197,SAMEA4707912 ,PRJEB26976,Terrabacteria group,Cyanobacteria/Melainabacteria group,GCA_900473895.1,2.21089,60.9,17,2018/07/31,2019/05/08,Contig,ftp://ftp.ncbi.nlm.nih.gov/genomes/all/GCF/900/473/895/GCF_900473895.1_N32,ftp://ftp.ncbi.nlm.nih.gov/genomes/all/GCA/900/473/895/GCA_900473895.1_N32,N32,GCA_900473895.1_N32
56,Synechococcus_sp_N5,N5,Sp,no,Parasynechococcus,sp.,99.88,0.12,19197,SAMEA4707913 ,PRJEB26976,Terrabacteria group,Cyanobacteria/Melainabacteria group,GCA_900473925.1,2.0895099999999998,61.0,14,2018/07/30,2019/05/08,Contig,ftp://ftp.ncbi.nlm.nih.gov/genomes/all/GCF/900/473/925/GCF_900473925.1_N5,ftp://ftp.ncbi.nlm.nih.gov/genomes/all/GCA/900/473/925/GCA_900473925.1_N5,N5,GCA_900473925.1_N5
57,Synechococcus_sp_N26,N26,Sp,no,Parasynechococcus,sp.,99.76,0.0,19197,SAMEA4707915 ,PRJEB26976,Terrabacteria group,Cyanobacteria/Melainabacteria group,GCA_900473975.1,2.1269,60.7,13,2018/07/30,2019/05/08,Contig,ftp://ftp.ncbi.nlm.nih.gov/genomes/all/GCF/900/473/975/GCF_900473975.1_N26,ftp://ftp.ncbi.nlm.nih.gov/genomes/all/GCA/900/473/975/GCA_900473975.1_N26,N26,GCA_900473975.1_N26
58,Synechococcus_sp_N19,N19,Sp,no,Parasynechococcus,sp.,99.76,0.12,19197,SAMEA4707916 ,PRJEB26976,Terrabacteria group,Cyanobacteria/Melainabacteria group,GCA_900474045.1,2.1631099999999996,60.6,18,2018/07/30,2019/05/08,Contig,ftp://ftp.ncbi.nlm.nih.gov/genomes/all/GCF/900/474/045/GCF_900474045.1_N19,ftp://ftp.ncbi.nlm.nih.gov/genomes/all/GCA/900/474/045/GCA_900474045.1_N19,N19,GCA_900474045.1_N19
59,Synechococcus_sp_UW86,UW86,Sp,no,Parasynechococcus,sp.,99.76,0.0,19197,SAMEA4707914 ,PRJEB26976,Terrabacteria group,Cyanobacteria/Melainabacteria group,GCA_900474085.1,2.0912900000000003,61.3,18,2018/07/30,2019/05/08,Contig,ftp://ftp.ncbi.nlm.nih.gov/genomes/all/GCF/900/474/085/GCF_900474085.1_UW86,ftp://ftp.ncbi.nlm.nih.gov/genomes/all/GCA/900/474/085/GCA_900474085.1_UW86,UW86,GCA_900474085.1_UW86
60,Synechococcus_sp_REDSEA-S01_B1,REDSEA-S01_B1,Sp,no,Parasynechococcus,sp.,94.59,0.47,19197,SAMN04534664 ,PRJNA289734,Terrabacteria group,Cyanobacteria/Melainabacteria group,GCA_001628295.1,1.79913,62.8,78,2016/04/22,2016/07/27,Scaffold,-,ftp://ftp.ncbi.nlm.nih.gov/genomes/all/GCA/001/628/295/GCA_001628295.1_ASM162829v1,ASM162829v1,GCA_001628295.1_ASM162829v1
61,Synechococcus_sp_REDSEA-S02_B4,REDSEA-S02_B4,Sp,no,Parasynechococcus,sp.,94.2,0.47,19197,SAMN04534665 ,PRJNA289734,Terrabacteria group,Cyanobacteria/Melainabacteria group,GCA_001628325.1,1.7763,62.8,81,2016/04/22,2016/07/27,Scaffold,-,ftp://ftp.ncbi.nlm.nih.gov/genomes/all/GCA/001/628/325/GCA_001628325.1_ASM162832v1,ASM162832v1,GCA_001628325.1_ASM162832v1
62,Synechococcus_sp_RS344,RS344,Sp,no,Parasynechococcus,sp.,75.21,1.18,-,SAMN07620143 ,PRJNA391943,Terrabacteria group,Cyanobacteria/Melainabacteria group,GCA_002724845.1,1.3432899999999999,62.2,96,2017/10/26,2018/07/13,Contig,-,ftp://ftp.ncbi.nlm.nih.gov/genomes/all/GCA/002/724/845/GCA_002724845.1_ASM272484v1,ASM272484v1,GCA_002724845.1_ASM272484v1
63,Synechococcus_sp_UBA8071,UBA8071,Sp,no,Parasynechococcus,sp.,59.76,0.47,-,SAMN08020301 ,PRJNA417962,Terrabacteria group,Cyanobacteria/Melainabacteria group,GCA_003526105.1,1.2613,59.1,212,2018/09/10,2018/09/10,Scaffold,-,ftp://ftp.ncbi.nlm.nih.gov/genomes/all/GCA/003/526/105/GCA_003526105.1_ASM352610v1,ASM352610v1,GCA_003526105.1_ASM352610v1
64,Synechococcus_sp_CPC35,CPC35,Nondescribed,no,Parasynechococcus,sp.,62.46,1.68,-,SAMN07620137 ,PRJNA391943,Terrabacteria group,Cyanobacteria/Melainabacteria group,GCA_002684175.1,1.62585,55.1,147,2017/10/24,2018/07/13,Contig,-,ftp://ftp.ncbi.nlm.nih.gov/genomes/all/GCA/002/684/175/GCA_002684175.1_ASM268417v1,ASM268417v1,GCA_002684175.1_ASM268417v1
65,Synechococcus_sp_AG-686-B21,AG-686-B21,Nondescribed,no,Parasynechococcus,sp.,76.29,0.24,-,SAMN08886661 ,PRJNA445865,Terrabacteria group,Cyanobacteria/Melainabacteria group,GCA_003210375.1,1.84969,52.7,102,2018/06/12,2018/09/11,Contig,-,ftp://ftp.ncbi.nlm.nih.gov/genomes/all/GCA/003/210/375/GCA_003210375.1_ASM321037v1,ASM321037v1,GCA_003210375.1_ASM321037v1
66,Synechococcus_sp_AG-683-C23,AG-683-C23,Nondescribed,no,Parasynechococcus,sp.,76.14,0.0,-,SAMN08886652 ,PRJNA445865,Terrabacteria group,Cyanobacteria/Melainabacteria group,GCA_003208835.1,1.9143299999999999,52.9,81,2018/06/12,2018/09/11,Contig,-,ftp://ftp.ncbi.nlm.nih.gov/genomes/all/GCA/003/208/835/GCA_003208835.1_ASM320883v1,ASM320883v1,GCA_003208835.1_ASM320883v1
67,Synechococcus_sp_UW69,UW69,Nondescribed,no,Parasynechococcus,sp.,100.0,0.0,19197,SAMEA4707918 ,PRJEB26976,Terrabacteria group,Cyanobacteria/Melainabacteria group,GCA_900474185.1,2.3721200000000002,58.7,15,2018/07/30,2019/05/08,Contig,ftp://ftp.ncbi.nlm.nih.gov/genomes/all/GCF/900/474/185/GCF_900474185.1_UW69,ftp://ftp.ncbi.nlm.nih.gov/genomes/all/GCA/900/474/185/GCA_900474185.1_UW69,UW69,GCA_900474185.1_UW69
68,Synechococcus_sp_UW106,UW106,Nondescribed,no,Parasynechococcus,sp.,99.76,0.24,19197,SAMEA4707917 ,PRJEB26976,Terrabacteria group,Cyanobacteria/Melainabacteria group,GCA_900474015.1,2.47953,58.0,15,2018/07/30,2019/05/08,Contig,ftp://ftp.ncbi.nlm.nih.gov/genomes/all/GCF/900/474/015/GCF_900474015.1_UW106,ftp://ftp.ncbi.nlm.nih.gov/genomes/all/GCA/900/474/015/GCA_900474015.1_UW106,UW106,GCA_900474015.1_UW106
69,Synechococcus_sp_KORDI-52,KORDI-52,Nondescribed,no,Parasynechococcus,sp.,100.0,0.0,19197,SAMN02202185 ,PRJNA207984,Terrabacteria group,Cyanobacteria/Melainabacteria group,GCA_000737595.1,2.57207,59.1,1,2014/08/04,2017/04/17,Complete Genome,ftp://ftp.ncbi.nlm.nih.gov/genomes/all/GCF/000/737/595/GCF_000737595.1_ASM73759v1,ftp://ftp.ncbi.nlm.nih.gov/genomes/all/GCA/000/737/595/GCA_000737595.1_ASM73759v1,ASM73759v1,GCA_000737595.1_ASM73759v1
70,Synechococcus_sp_AG-670-B23,AG-670-B23,Nondescribed,no,Parasynechococcus,sp.,87.1,0.71,-,SAMN08886582 ,PRJNA445865,Terrabacteria group,Cyanobacteria/Melainabacteria group,GCA_003209165.1,2.26612,56.9,100,2018/06/12,2018/09/11,Contig,-,ftp://ftp.ncbi.nlm.nih.gov/genomes/all/GCA/003/209/165/GCA_003209165.1_ASM320916v1,ASM320916v1,GCA_003209165.1_ASM320916v1
71,Synechococcus_sp_AG-670-A05,AG-670-A05,Nondescribed,no,Parasynechococcus,sp.,81.94,0.47,-,SAMN08886580 ,PRJNA445865,Terrabacteria group,Cyanobacteria/Melainabacteria group,GCA_003211535.1,2.00502,57.4,142,2018/06/12,2018/09/11,Contig,-,ftp://ftp.ncbi.nlm.nih.gov/genomes/all/GCA/003/211/535/GCA_003211535.1_ASM321153v1,ASM321153v1,GCA_003211535.1_ASM321153v1
72,Synechococcus_sp_MED-G133,MED-G133,Nondescribed,no,Parasynechococcus,sp.,50.26,0.0,-,SAMN10841304 ,PRJNA352798,Terrabacteria group,Cyanobacteria/Melainabacteria group,GCA_004212765.1,0.9915950000000001,61.9,67,2019/02/19,2019/02/19,Contig,-,ftp://ftp.ncbi.nlm.nih.gov/genomes/all/GCA/004/212/765/GCA_004212765.1_ASM421276v1,ASM421276v1,GCA_004212765.1_ASM421276v1
73,Synechococcus_sp_ARS1019,ARS1019,Nondescribed,no,Parasynechococcus,sp.,89.71,6.99,-,SAMN07620135 ,PRJNA391943,Terrabacteria group,Cyanobacteria/Melainabacteria group,GCA_002690325.1,2.26021,55.8,63,2017/10/24,2018/07/13,Contig,-,ftp://ftp.ncbi.nlm.nih.gov/genomes/all/GCA/002/690/325/GCA_002690325.1_ASM269032v1,ASM269032v1,GCA_002690325.1_ASM269032v1
74,Synechococcus_sp_KORDI-100,KORDI-100,Nondescribed,no,Parasynechococcus,sp.,99.76,0.0,24906,SAMN02202183 ,PRJNA207982,Terrabacteria group,Cyanobacteria/Melainabacteria group,GCA_000737535.1,2.7889999999999997,57.5,1,2014/08/04,2017/04/09,Complete Genome,ftp://ftp.ncbi.nlm.nih.gov/genomes/all/GCF/000/737/535/GCF_000737535.1_ASM73753v1,ftp://ftp.ncbi.nlm.nih.gov/genomes/all/GCA/000/737/535/GCA_000737535.1_ASM73753v1,ASM73753v1,GCA_000737535.1_ASM73753v1
75,Synechococcus_sp_MED850,MED850,Nondescribed,no,Parasynechococcus,sp.,75.88,3.22,-,SAMN07620140 ,PRJNA391943,Terrabacteria group,Cyanobacteria/Melainabacteria group,GCA_002700765.1,1.9359099999999998,57.6,55,2017/10/24,2018/07/13,Contig,-,ftp://ftp.ncbi.nlm.nih.gov/genomes/all/GCA/002/700/765/GCA_002700765.1_ASM270076v1,ASM270076v1,GCA_002700765.1_ASM270076v1
76,Synechococcus_sp_AG-670-F04,AG-670-F04,Nondescribed,no,Parasynechococcus,sp.,70.71,0.71,-,SAMN08886584 ,PRJNA445865,Terrabacteria group,Cyanobacteria/Melainabacteria group,GCA_003211515.1,2.24777,52.7,130,2018/06/12,2018/09/11,Contig,-,ftp://ftp.ncbi.nlm.nih.gov/genomes/all/GCA/003/211/515/GCA_003211515.1_ASM321151v1,ASM321151v1,GCA_003211515.1_ASM321151v1
77,Synechococcus_sp_AG-676-F02,AG-676-F02,Nondescribed,no,Parasynechococcus,sp.,53.71,0.24,-,SAMN08886621 ,PRJNA445865,Terrabacteria group,Cyanobacteria/Melainabacteria group,GCA_003208975.1,1.5273299999999999,55.4,122,2018/06/12,2018/09/11,Contig,-,ftp://ftp.ncbi.nlm.nih.gov/genomes/all/GCA/003/208/975/GCA_003208975.1_ASM320897v1,ASM320897v1,GCA_003208975.1_ASM320897v1
78,Synechococcus_sp_AG-673-B08,AG-673-B08,Nondescribed,no,Parasynechococcus,sp.,51.15,0.24,-,SAMN08886604 ,PRJNA445865,Terrabacteria group,Cyanobacteria/Melainabacteria group,GCA_003209035.1,1.5660399999999999,55.4,94,2018/06/12,2018/09/11,Contig,-,ftp://ftp.ncbi.nlm.nih.gov/genomes/all/GCA/003/209/035/GCA_003209035.1_ASM320903v1,ASM320903v1,GCA_003209035.1_ASM320903v1
79,Synechococcus_sp_SAT82,SAT82,Nondescribed,no,Parasynechococcus,sp.,54.24,0.75,-,SAMN07620144 ,PRJNA391943,Terrabacteria group,Cyanobacteria/Melainabacteria group,GCA_002706715.1,1.0369,58.6,46,2017/10/25,2018/07/13,Contig,-,ftp://ftp.ncbi.nlm.nih.gov/genomes/all/GCA/002/706/715/GCA_002706715.1_ASM270671v1,ASM270671v1,GCA_002706715.1_ASM270671v1
80,Synechococcus_sp_AG-673-A10,AG-673-A10,Nondescribed,no,Parasynechococcus,sp.,56.35,0.47,-,SAMN08886602 ,PRJNA445865,Terrabacteria group,Cyanobacteria/Melainabacteria group,GCA_003211255.1,1.6053,55.4,136,2018/06/12,2018/09/11,Contig,-,ftp://ftp.ncbi.nlm.nih.gov/genomes/all/GCA/003/211/255/GCA_003211255.1_ASM321125v1,ASM321125v1,GCA_003211255.1_ASM321125v1
81,Synechococcus_sp_MED650,MED650,Nondescribed,no,Parasynechococcus,sp.,80.56,4.1,-,SAMN07620139 ,PRJNA391943,Terrabacteria group,Cyanobacteria/Melainabacteria group,GCA_002691345.1,1.8038,58.8,87,2017/10/24,2018/07/13,Contig,-,ftp://ftp.ncbi.nlm.nih.gov/genomes/all/GCA/002/691/345/GCA_002691345.1_ASM269134v1,ASM269134v1,GCA_002691345.1_ASM269134v1
82,Synechococcus_sp_CC9311,CC9311,Prev,yes,Pseudosynechococcus,benguelii,99.76,0.0,19190,SAMN02604031 ,PRJNA12530,Terrabacteria group,Cyanobacteria/Melainabacteria group,GCA_000014585.1,2.60675,52.4,1,2006/09/01,2017/04/17,Complete Genome,ftp://ftp.ncbi.nlm.nih.gov/genomes/all/GCF/000/014/585/GCF_000014585.1_ASM1458v1,ftp://ftp.ncbi.nlm.nih.gov/genomes/all/GCA/000/014/585/GCA_000014585.1_ASM1458v1,ASM1458v1,GCA_000014585.1_ASM1458v1
83,Synechococcus_sp_UW105,UW105,Sp,yes,Pseudosynechococcus,sp.,99.53,0.0,55610,SAMEA4707922 ,PRJEB26976,Terrabacteria group,Cyanobacteria/Melainabacteria group,GCA_900473935.1,2.65942,57.5,31,2018/07/31,2019/05/08,Contig,ftp://ftp.ncbi.nlm.nih.gov/genomes/all/GCF/900/473/935/GCF_900473935.1_UW105,ftp://ftp.ncbi.nlm.nih.gov/genomes/all/GCA/900/473/935/GCA_900473935.1_UW105,UW105,GCA_900473935.1_UW105
84,Synechococcus_sp_NAT40,NAT40,Sp,no,Pseudosynechococcus,sp.,93.49,4.63,-,SAMN07620141 ,PRJNA391943,Terrabacteria group,Cyanobacteria/Melainabacteria group,GCA_002698505.1,2.21332,58.7,73,2017/10/24,2018/07/13,Contig,-,ftp://ftp.ncbi.nlm.nih.gov/genomes/all/GCA/002/698/505/GCA_002698505.1_ASM269850v1,ASM269850v1,GCA_002698505.1_ASM269850v1
85,Synechococcus_sp_MED-G135,MED-G135,Sp,no,Pseudosynechococcus,sp.,91.18,0.59,-,SAMN10841306 ,PRJNA352798,Terrabacteria group,Cyanobacteria/Melainabacteria group,GCA_004213055.1,1.9845400000000002,59.2,111,2019/02/19,2019/02/19,Contig,-,ftp://ftp.ncbi.nlm.nih.gov/genomes/all/GCA/004/213/055/GCA_004213055.1_ASM421305v1,ASM421305v1,GCA_004213055.1_ASM421305v1
86,Synechococcus_sp_TMED187,TMED187,Sp,no,Pseudosynechococcus,sp.,60.93,0.72,-,SAMN06972041 ,PRJNA385857,Terrabacteria group,Cyanobacteria/Melainabacteria group,GCA_002171995.1,1.8399900000000002,59.6,148,2017/06/05,2018/11/23,Contig,-,ftp://ftp.ncbi.nlm.nih.gov/genomes/all/GCA/002/171/995/GCA_002171995.1_ASM217199v1,ASM217199v1,GCA_002171995.1_ASM217199v1
87,Synechococcus_sp_RS9917,RS9917,Prev,yes,Pseudosynechococcus,equatorialis,99.76,0.12,19194,SAMN02436139 ,PRJNA13555,Terrabacteria group,Cyanobacteria/Melainabacteria group,GCA_000153065.1,2.58492,64.4,1,2006/01/30,2018/08/21,Scaffold,ftp://ftp.ncbi.nlm.nih.gov/genomes/all/GCF/000/153/065/GCF_000153065.1_ASM15306v1,ftp://ftp.ncbi.nlm.nih.gov/genomes/all/GCA/000/153/065/GCA_000153065.1_ASM15306v1,ASM15306v1,GCA_000153065.1_ASM15306v1
88,Synechococcus_sp_RS9916,RS9916,Prev,yes,Pseudosynechococcus,gyrus,99.76,0.0,19195,SAMN02436107 ,PRJNA13557,Terrabacteria group,Cyanobacteria/Melainabacteria group,GCA_000153825.1,2.66487,59.8,1,2006/10/12,2017/04/17,Scaffold,ftp://ftp.ncbi.nlm.nih.gov/genomes/all/GCF/000/153/825/GCF_000153825.1_ASM15382v1,ftp://ftp.ncbi.nlm.nih.gov/genomes/all/GCA/000/153/825/GCA_000153825.1_ASM15382v1,ASM15382v1,GCA_000153825.1_ASM15382v1
89,Synechococcus_sp_WH_7803,WH 7803,Prev,yes,Pseudosynechococcus,pacificus,99.53,0.12,19192,SAMEA3138264 ,PRJNA13642,Terrabacteria group,Cyanobacteria/Melainabacteria group,GCA_000063505.1,2.36698,60.2,1,2007/05/19,2017/04/17,Complete Genome,ftp://ftp.ncbi.nlm.nih.gov/genomes/all/GCF/000/063/505/GCF_000063505.1_ASM6350v1,ftp://ftp.ncbi.nlm.nih.gov/genomes/all/GCA/000/063/505/GCA_000063505.1_ASM6350v1,ASM6350v1,GCA_000063505.1_ASM6350v1
90,Synechococcus_sp_AG-673-F03,AG-673-F03,Sp,yes,Pseudosynechococcus,sp.,78.63,0.0,-,SAMN08886606 ,PRJNA445865,Terrabacteria group,Cyanobacteria/Melainabacteria group,GCA_003211205.1,2.00449,55.9,82,2018/06/12,2018/09/11,Contig,-,ftp://ftp.ncbi.nlm.nih.gov/genomes/all/GCA/003/211/205/GCA_003211205.1_ASM321120v1,ASM321120v1,GCA_003211205.1_ASM321120v1
91,Synechococcus_sp_AG-679-E23,AG-679-E23,Sp,no,Pseudosynechococcus,sp.,74.55,0.24,-,SAMN08886636 ,PRJNA445865,Terrabacteria group,Cyanobacteria/Melainabacteria group,GCA_003210705.1,1.9930599999999998,56.1,80,2018/06/12,2018/09/11,Contig,-,ftp://ftp.ncbi.nlm.nih.gov/genomes/all/GCA/003/210/705/GCA_003210705.1_ASM321070v1,ASM321070v1,GCA_003210705.1_ASM321070v1
92,Synechococcus_sp_AG-670-F22,AG-670-F22,Sp,no,Pseudosynechococcus,sp.,72.24,0.24,-,SAMN08886585 ,PRJNA445865,Terrabacteria group,Cyanobacteria/Melainabacteria group,GCA_003209155.1,1.97154,56.4,59,2018/06/12,2018/09/11,Contig,-,ftp://ftp.ncbi.nlm.nih.gov/genomes/all/GCA/003/209/155/GCA_003209155.1_ASM320915v1,ASM320915v1,GCA_003209155.1_ASM320915v1
93,Synechococcus_sp_AG-673-A03,AG-673-A03,Sp,no,Pseudosynechococcus,sp.,68.79,0.0,-,SAMN08886601 ,PRJNA445865,Terrabacteria group,Cyanobacteria/Melainabacteria group,GCA_003211275.1,1.86726,56.1,93,2018/06/12,2018/09/11,Contig,-,ftp://ftp.ncbi.nlm.nih.gov/genomes/all/GCA/003/211/275/GCA_003211275.1_ASM321127v1,ASM321127v1,GCA_003211275.1_ASM321127v1
94,Synechococcus_sp_AG-676-C06,AG-676-C06,Sp,no,Pseudosynechococcus,sp.,67.41,1.06,-,SAMN08886618 ,PRJNA445865,Terrabacteria group,Cyanobacteria/Melainabacteria group,GCA_003210995.1,2.0447599999999997,55.9,82,2018/06/12,2018/09/11,Contig,-,ftp://ftp.ncbi.nlm.nih.gov/genomes/all/GCA/003/210/995/GCA_003210995.1_ASM321099v1,ASM321099v1,GCA_003210995.1_ASM321099v1
95,Synechococcus_sp_AG-679-A02,AG-679-A02,Sp,no,Pseudosynechococcus,sp.,63.84,0.24,-,SAMN08886630 ,PRJNA445865,Terrabacteria group,Cyanobacteria/Melainabacteria group,GCA_003210815.1,1.74757,55.4,95,2018/06/12,2018/09/11,Contig,-,ftp://ftp.ncbi.nlm.nih.gov/genomes/all/GCA/003/210/815/GCA_003210815.1_ASM321081v1,ASM321081v1,GCA_003210815.1_ASM321081v1
96,Synechococcus_sp_AG-683-G11,AG-683-G11,Sp,no,Pseudosynechococcus,sp.,54.3,0.0,-,SAMN08886654 ,PRJNA445865,Terrabacteria group,Cyanobacteria/Melainabacteria group,GCA_003210475.1,1.28757,55.6,54,2018/06/12,2018/09/11,Contig,-,ftp://ftp.ncbi.nlm.nih.gov/genomes/all/GCA/003/210/475/GCA_003210475.1_ASM321047v1,ASM321047v1,GCA_003210475.1_ASM321047v1
97,Synechococcus_sp_AG-679-A04,AG-679-A04,Nondescribed,no,Pseudosynechococcus,sp.,70.94,0.47,-,SAMN08886631 ,PRJNA445865,Terrabacteria group,Cyanobacteria/Melainabacteria group,GCA_003210775.1,2.2789900000000003,54.6,107,2018/06/12,2018/09/11,Contig,-,ftp://ftp.ncbi.nlm.nih.gov/genomes/all/GCA/003/210/775/GCA_003210775.1_ASM321077v1,ASM321077v1,GCA_003210775.1_ASM321077v1
98,Synechococcus_sp_CPC100,CPC100,Nondescribed,no,Pseudosynechococcus,sp.,56.52,1.88,-,SAMN07620136 ,PRJNA391943,Terrabacteria group,Cyanobacteria/Melainabacteria group,GCA_002685515.1,1.1427,56.8,51,2017/10/24,2018/07/13,Contig,-,ftp://ftp.ncbi.nlm.nih.gov/genomes/all/GCA/002/685/515/GCA_002685515.1_ASM268551v1,ASM268551v1,GCA_002685515.1_ASM268551v1
99,Synechococcus_sp_UW140,UW140,Nondescribed,no,Pseudosynechococcus,sp.,99.76,0.0,t,SAMEA4707923 ,PRJEB26976,Terrabacteria group,Cyanobacteria/Melainabacteria group,GCA_900474295.1,2.70414,57.8,35,2018/07/30,2019/05/08,Contig,ftp://ftp.ncbi.nlm.nih.gov/genomes/all/GCF/900/474/295/GCF_900474295.1_UW140,ftp://ftp.ncbi.nlm.nih.gov/genomes/all/GCA/900/474/295/GCA_900474295.1_UW140,UW140,GCA_900474295.1_UW140
100,Synechococcus_sp_AG-686-F08,AG-686-F08,Nondescribed,no,Pseudosynechococcus,sp.,59.57,0.0,-,SAMN08886665 ,PRJNA445865,Terrabacteria group,Cyanobacteria/Melainabacteria group,GCA_003210315.1,1.57877,52.2,64,2018/06/12,2018/09/11,Contig,-,ftp://ftp.ncbi.nlm.nih.gov/genomes/all/GCA/003/210/315/GCA_003210315.1_ASM321031v1,ASM321031v1,GCA_003210315.1_ASM321031v1
101,Synechococcus_sp_AG-683-A03,AG-683-A03,Nondescribed,no,Pseudosynechococcus,sp.,54.09,0.24,-,SAMN08886648 ,PRJNA445865,Terrabacteria group,Cyanobacteria/Melainabacteria group,GCA_003210555.1,1.5414,52.7,147,2018/06/12,2018/09/11,Contig,-,ftp://ftp.ncbi.nlm.nih.gov/genomes/all/GCA/003/210/555/GCA_003210555.1_ASM321055v1,ASM321055v1,GCA_003210555.1_ASM321055v1
102,Synechococcus_sp_WH_8020,WH 8020,Nondescribed,no,Pseudosynechococcus,sp.,100.0,0.0,19190,SAMN03436066 ,PRJNA278997,Terrabacteria group,Cyanobacteria/Melainabacteria group,GCA_001040845.1,2.6611700000000003,53.1,1,2015/06/26,2017/04/17,Chromosome,ftp://ftp.ncbi.nlm.nih.gov/genomes/all/GCF/001/040/845/GCF_001040845.1_ASM104084v1,ftp://ftp.ncbi.nlm.nih.gov/genomes/all/GCA/001/040/845/GCA_001040845.1_ASM104084v1,ASM104084v1,GCA_001040845.1_ASM104084v1
103,Synechococcus_sp_MED-G68,MED-G68,Nondescribed,no,Pseudosynechococcus,sp.,92.24,0.59,-,SAMN08905478 ,PRJNA352798,Terrabacteria group,Cyanobacteria/Melainabacteria group,GCA_003331785.1,1.89848,54.6,30,2018/07/20,2018/07/20,Contig,-,ftp://ftp.ncbi.nlm.nih.gov/genomes/all/GCA/003/331/785/GCA_003331785.1_ASM333178v1,ASM333178v1,GCA_003331785.1_ASM333178v1
104,Synechococcus_sp_AG-686-A03,AG-686-A03,Nondescribed,no,Pseudosynechococcus,sp.,58.53,0.0,-,SAMN08886659 ,PRJNA445865,Terrabacteria group,Cyanobacteria/Melainabacteria group,GCA_003208775.1,1.55836,52.9,93,2018/06/12,2018/09/11,Contig,-,ftp://ftp.ncbi.nlm.nih.gov/genomes/all/GCA/003/208/775/GCA_003208775.1_ASM320877v1,ASM320877v1,GCA_003208775.1_ASM320877v1
105,Synechococcus_sp_NP17,NP17,Nondescribed,no,Pseudosynechococcus,sp.,90.34,1.18,-,SAMN07620142 ,PRJNA391943,Terrabacteria group,Cyanobacteria/Melainabacteria group,GCA_002729835.1,2.2321,50.3,116,2017/10/26,2018/07/13,Contig,-,ftp://ftp.ncbi.nlm.nih.gov/genomes/all/GCA/002/729/835/GCA_002729835.1_ASM272983v1,ASM272983v1,GCA_002729835.1_ASM272983v1
106,Synechococcus_sp_AG-679-C18,AG-679-C18,Nondescribed,no,Pseudosynechococcus,sp.,88.65,0.47,-,SAMN08886634 ,PRJNA445865,Terrabacteria group,Cyanobacteria/Melainabacteria group,GCA_003210755.1,2.62621,49.3,91,2018/06/12,2018/09/11,Contig,-,ftp://ftp.ncbi.nlm.nih.gov/genomes/all/GCA/003/210/755/GCA_003210755.1_ASM321075v1,ASM321075v1,GCA_003210755.1_ASM321075v1
107,Synechococcus_sp_UW179A,UW179A,Nondescribed,no,Pseudosynechococcus,sp.,100.0,0.35,51103,SAMEA4707921 ,PRJEB26976,Terrabacteria group,Cyanobacteria/Melainabacteria group,GCA_900473965.1,3.05783,54.5,35,2018/07/30,2019/05/08,Contig,ftp://ftp.ncbi.nlm.nih.gov/genomes/all/GCF/900/473/965/GCF_900473965.1_UW179A,ftp://ftp.ncbi.nlm.nih.gov/genomes/all/GCA/900/473/965/GCA_900473965.1_UW179A,UW179A,GCA_900473965.1_UW179A
108,Synechococcus_sp_MIT_S9504,MIT S9504,Sp,yes,Pseudosynechococcus,sp.,99.76,0.71,51103,SAMN04490774 ,PRJNA311927,Terrabacteria group,Cyanobacteria/Melainabacteria group,GCA_001632105.1,3.0872900000000003,55.4,34,2016/04/25,2017/04/12,Scaffold,ftp://ftp.ncbi.nlm.nih.gov/genomes/all/GCF/001/632/105/GCF_001632105.1_ASM163210v1,ftp://ftp.ncbi.nlm.nih.gov/genomes/all/GCA/001/632/105/GCA_001632105.1_ASM163210v1,ASM163210v1,GCA_001632105.1_ASM163210v1
109,Synechococcus_sp_MIT_S9509,MIT S9509,Sp,no,Pseudosynechococcus,sp.,99.29,0.71,51103,SAMN04490776 ,PRJNA311929,Terrabacteria group,Cyanobacteria/Melainabacteria group,GCA_001631935.1,3.08793,55.4,33,2016/04/25,2017/04/12,Scaffold,ftp://ftp.ncbi.nlm.nih.gov/genomes/all/GCF/001/631/935/GCF_001631935.1_ASM163193v1,ftp://ftp.ncbi.nlm.nih.gov/genomes/all/GCA/001/631/935/GCA_001631935.1_ASM163193v1,ASM163193v1,GCA_001631935.1_ASM163193v1
110,Synechococcus_sp_EAC657,EAC657,Nondescribed,no,Pseudosynechococcus,sp.,85.1,4.82,-,SAMN07620138 ,PRJNA391943,Terrabacteria group,Cyanobacteria/Melainabacteria group,GCA_002693285.1,2.18919,58.0,49,2017/10/24,2018/07/13,Contig,-,ftp://ftp.ncbi.nlm.nih.gov/genomes/all/GCA/002/693/285/GCA_002693285.1_ASM269328v1,ASM269328v1,GCA_002693285.1_ASM269328v1
111,Synechococcus_sp_TMED90,TMED90,Nondescribed,no,Pseudosynechococcus,sp.,77.69,1.41,-,SAMN06971944 ,PRJNA385857,Terrabacteria group,Cyanobacteria/Melainabacteria group,GCA_002172935.1,1.78105,59.4,87,2017/06/05,2018/11/23,Contig,-,ftp://ftp.ncbi.nlm.nih.gov/genomes/all/GCA/002/172/935/GCA_002172935.1_ASM217293v1,ASM217293v1,GCA_002172935.1_ASM217293v1
112,Synechococcus_sp_WH_8101,WH 8101,Nondescribed,no,Pseudosynechococcus,sp.,100.0,0.82,19194,SAMN10863495 ,PRJNA518918,Terrabacteria group,Cyanobacteria/Melainabacteria group,GCA_004209775.1,2.63029,63.3,1,2019/02/19,2019/02/20,Complete Genome,ftp://ftp.ncbi.nlm.nih.gov/genomes/all/GCF/004/209/775/GCF_004209775.1_ASM420977v1,ftp://ftp.ncbi.nlm.nih.gov/genomes/all/GCA/004/209/775/GCA_004209775.1_ASM420977v1,ASM420977v1,GCA_004209775.1_ASM420977v1
113,Synechococcus_sp_BS56D,BS56D,Sp,no,Pseudosynechococcus,sp.,99.53,0.35,57040,SAMN08057242 ,PRJNA419515,Terrabacteria group,Cyanobacteria/Melainabacteria group,GCA_004332405.1,2.30382,61.2,8,2019/03/07,2019/03/12,Contig,ftp://ftp.ncbi.nlm.nih.gov/genomes/all/GCF/004/332/405/GCF_004332405.1_ASM433240v1,ftp://ftp.ncbi.nlm.nih.gov/genomes/all/GCA/004/332/405/GCA_004332405.1_ASM433240v1,ASM433240v1,GCA_004332405.1_ASM433240v1
114,Synechococcus_sp_BS55D,BS55D,Sp,yes,Pseudosynechococcus,sp.,99.53,0.24,57040,SAMN08057241 ,PRJNA419515,Terrabacteria group,Cyanobacteria/Melainabacteria group,GCA_004332415.1,2.23522,61.6,7,2019/03/07,2019/03/12,Contig,ftp://ftp.ncbi.nlm.nih.gov/genomes/all/GCF/004/332/415/GCF_004332415.1_ASM433241v1,ftp://ftp.ncbi.nlm.nih.gov/genomes/all/GCA/004/332/415/GCA_004332415.1_ASM433241v1,ASM433241v1,GCA_004332415.1_ASM433241v1
115,Synechococcus_sp_WH_7805,WH 7805,Prev,yes,Pseudosynechococcus,subtropicalis,99.53,0.12,19192,SAMN02436160 ,PRJNA13553,Terrabacteria group,Cyanobacteria/Melainabacteria group,GCA_000153285.1,2.62705,57.6,3,2006/02/24,2017/04/17,Scaffold,ftp://ftp.ncbi.nlm.nih.gov/genomes/all/GCF/000/153/285/GCF_000153285.1_ASM15328v1,ftp://ftp.ncbi.nlm.nih.gov/genomes/all/GCA/000/153/285/GCA_000153285.1_ASM15328v1,ASM15328v1,GCA_000153285.1_ASM15328v1
116,Synechococcus_sp_WH_8016,WH 8016,Prev,yes,Pseudosynechococcus,sudipacificus,99.53,0.0,19190,SAMN02261394 ,PRJNA61805,Terrabacteria group,Cyanobacteria/Melainabacteria group,GCA_000230675.2,2.69484,54.1,16,2011/10/14,2017/04/17,Contig,ftp://ftp.ncbi.nlm.nih.gov/genomes/all/GCF/000/230/675/GCF_000230675.1_ASM23067v1,ftp://ftp.ncbi.nlm.nih.gov/genomes/all/GCA/000/230/675/GCA_000230675.2_ASM23067v1,ASM23067v1,GCA_000230675.2_ASM23067v1
117,Synechococcus_sp_UW179B,UW179B,Add,no,Pseudosynechococcus,sudipacificus,99.53,0.71,19190,SAMEA4707919 ,PRJEB26976,Terrabacteria group,Cyanobacteria/Melainabacteria group,GCA_900474245.1,2.5318,54.4,27,2018/07/30,2019/05/08,Contig,ftp://ftp.ncbi.nlm.nih.gov/genomes/all/GCF/900/474/245/GCF_900474245.1_UW179B,ftp://ftp.ncbi.nlm.nih.gov/genomes/all/GCA/900/474/245/GCA_900474245.1_UW179B,UW179B,GCA_900474245.1_UW179B
118,Synechococcus_sp_MIT_S9508,MIT S9508,Sp,yes,Pseudosynechococcus,sp.,100.0,0.47,51103,SAMN04490775 ,PRJNA311928,Terrabacteria group,Cyanobacteria/Melainabacteria group,GCA_001632165.1,2.50243,56.0,23,2016/04/25,2017/04/12,Scaffold,ftp://ftp.ncbi.nlm.nih.gov/genomes/all/GCF/001/632/165/GCF_001632165.1_ASM163216v1,ftp://ftp.ncbi.nlm.nih.gov/genomes/all/GCA/001/632/165/GCA_001632165.1_ASM163216v1,ASM163216v1,GCA_001632165.1_ASM163216v1
119,Synechococcus_sp_GEYO,GEYO,Sp,no,Pseudosynechococcus,sp.,99.65,0.0,51103,SAMEA4707920 ,PRJEB26976,Terrabacteria group,Cyanobacteria/Melainabacteria group,GCA_900473955.1,2.34361,56.5,13,2018/07/30,2019/05/08,Contig,ftp://ftp.ncbi.nlm.nih.gov/genomes/all/GCF/900/473/955/GCF_900473955.1_GEYO,ftp://ftp.ncbi.nlm.nih.gov/genomes/all/GCA/900/473/955/GCA_900473955.1_GEYO,GEYO,GCA_900473955.1_GEYO
120,Synechococcus_sp_AG-673-D02,AG-673-D02,Sp,no,Pseudosynechococcus,sp.,85.55,0.0,-,SAMN08886605 ,PRJNA445865,Terrabacteria group,Cyanobacteria/Melainabacteria group,GCA_003209005.1,2.2018,55.8,71,2018/06/12,2018/09/11,Contig,-,ftp://ftp.ncbi.nlm.nih.gov/genomes/all/GCA/003/209/005/GCA_003209005.1_ASM320900v1,ASM320900v1,GCA_003209005.1_ASM320900v1
121,Synechococcus_sp_AG-676-A21,AG-676-A21,Sp,no,Pseudosynechococcus,sp.,76.86,0.0,-,SAMN08886617 ,PRJNA445865,Terrabacteria group,Cyanobacteria/Melainabacteria group,GCA_003211015.1,1.88743,56.4,73,2018/06/12,2018/09/11,Contig,-,ftp://ftp.ncbi.nlm.nih.gov/genomes/all/GCA/003/211/015/GCA_003211015.1_ASM321101v1,ASM321101v1,GCA_003211015.1_ASM321101v1
122,Synechococcus_sp_AG-676-E23,AG-676-E23,Sp,no,Pseudosynechococcus,sp.,69.29,0.0,-,SAMN08886620 ,PRJNA445865,Terrabacteria group,Cyanobacteria/Melainabacteria group,GCA_003210935.1,1.60449,56.4,49,2018/06/12,2018/09/11,Contig,-,ftp://ftp.ncbi.nlm.nih.gov/genomes/all/GCA/003/210/935/GCA_003210935.1_ASM321093v1,ASM321093v1,GCA_003210935.1_ASM321093v1
123,Synechococcus_sp_WH_5701,WH 5701,Prev,yes,Regnicoccus,antarcticus,99.29,6.81,19199,SAMN02436085 ,PRJNA13554,Terrabacteria group,Cyanobacteria/Melainabacteria group,GCA_000153045.1,3.28024,64.3,116,2006/02/15,2017/04/17,Scaffold,ftp://ftp.ncbi.nlm.nih.gov/genomes/all/GCF/000/153/045/GCF_000153045.1_ASM15304v1,ftp://ftp.ncbi.nlm.nih.gov/genomes/all/GCA/000/153/045/GCA_000153045.1_ASM15304v1,ASM15304v1,GCA_000153045.1_ASM15304v1
124,Synechococcus_sp_Baikal-G1,Baikal-G1,Nondescribed,no,Regnicoccus,sp.,86.12,5.18,-,SAMN07460796 ,PRJNA396997,Terrabacteria group,Cyanobacteria/Melainabacteria group,GCA_002737305.1,1.7866900000000001,66.3,231,2017/10/30,2017/10/30,Contig,-,ftp://ftp.ncbi.nlm.nih.gov/genomes/all/GCA/002/737/305/GCA_002737305.1_ASM273730v1,ASM273730v1,GCA_002737305.1_ASM273730v1
125,Synechococcus_sp_GFB01,GFB01,Nondescribed,no,Regnicoccus,sp.,85.04,3.81,38575,SAMN03736791 ,PRJNA286005,Terrabacteria group,Cyanobacteria/Melainabacteria group,GCA_001039265.1,2.33981,67.8,125,2015/06/24,2017/04/11,Contig,ftp://ftp.ncbi.nlm.nih.gov/genomes/all/GCF/001/039/265/GCF_001039265.1_ASM103926v1,ftp://ftp.ncbi.nlm.nih.gov/genomes/all/GCA/001/039/265/GCA_001039265.1_ASM103926v1,ASM103926v1,GCA_001039265.1_ASM103926v1
126,Synechococcus_sp_8F6,8F6,Nondescribed,no,Regnicoccus,sp.,99.53,0.94,54272,SAMN07427898 ,PRJNA396543,Terrabacteria group,Cyanobacteria/Melainabacteria group,GCA_002252665.1,2.5107,65.8,84,2017/08/15,2017/08/17,Scaffold,ftp://ftp.ncbi.nlm.nih.gov/genomes/all/GCF/002/252/665/GCF_002252665.1_ASM225266v1,ftp://ftp.ncbi.nlm.nih.gov/genomes/all/GCA/002/252/665/GCA_002252665.1_ASM225266v1,ASM225266v1,GCA_002252665.1_ASM225266v1
127,Synechococcus_sp_BO_8801,BO 8801,Nondescribed,no,Regnicoccus,sp.,99.06,0.59,21530,SAMN07427895 ,PRJNA396543,Terrabacteria group,Cyanobacteria/Melainabacteria group,GCA_002252675.1,3.2711799999999998,69.2,47,2017/08/15,2017/08/17,Scaffold,ftp://ftp.ncbi.nlm.nih.gov/genomes/all/GCF/002/252/675/GCF_002252675.1_ASM225267v1,ftp://ftp.ncbi.nlm.nih.gov/genomes/all/GCA/002/252/675/GCA_002252675.1_ASM225267v1,ASM225267v1,GCA_002252675.1_ASM225267v1
128,Synechococcus_sp_MW101C3,MW101C3,Nondescribed,no,Regnicoccus,sp.,100.0,0.71,54273,SAMN07427897 ,PRJNA396543,Terrabacteria group,Cyanobacteria/Melainabacteria group,GCA_002252635.1,3.02914,66.1,18,2017/08/15,2017/08/17,Contig,ftp://ftp.ncbi.nlm.nih.gov/genomes/all/GCF/002/252/635/GCF_002252635.1_ASM225263v1,ftp://ftp.ncbi.nlm.nih.gov/genomes/all/GCA/002/252/635/GCA_002252635.1_ASM225263v1,ASM225263v1,GCA_002252635.1_ASM225263v1
129,Synechococcus_sp_SynAce01,SynAce01,Nondescribed,no,Regnicoccus,sp.,99.53,0.0,52905,SAMN06006676 ,PRJNA352894,Terrabacteria group,Cyanobacteria/Melainabacteria group,GCA_001885215.1,2.75063,63.9,1,2016/11/22,2018/10/05,Complete Genome,ftp://ftp.ncbi.nlm.nih.gov/genomes/all/GCF/001/885/215/GCF_001885215.1_ASM188521v1,ftp://ftp.ncbi.nlm.nih.gov/genomes/all/GCA/001/885/215/GCA_001885215.1_ASM188521v1,ASM188521v1,GCA_001885215.1_ASM188521v1
130,Synechococcus_sp_1G10,1G10,Nondescribed,no,Regnicoccus,sp.,99.29,0.59,19199,SAMN07427896 ,PRJNA396543,Terrabacteria group,Cyanobacteria/Melainabacteria group,GCA_002252625.1,3.3402199999999995,64.6,84,2017/08/15,2017/08/17,Contig,ftp://ftp.ncbi.nlm.nih.gov/genomes/all/GCF/002/252/625/GCF_002252625.1_ASM225262v1,ftp://ftp.ncbi.nlm.nih.gov/genomes/all/GCA/002/252/625/GCA_002252625.1_ASM225262v1,ASM225262v1,GCA_002252625.1_ASM225262v1
131,Synechococcus_sp_PCC_6312,PCC 6312,Prev,yes,Stenotopis,californii,99.8,0.0,21552,SAMN02261337 ,PRJNA158717,Terrabacteria group,Cyanobacteria/Melainabacteria group,GCA_000316685.1,3.7205,48.4881,2,2012/12/04,2017/04/17,Complete Genome,ftp://ftp.ncbi.nlm.nih.gov/genomes/all/GCF/000/316/685/GCF_000316685.1_ASM31668v1,ftp://ftp.ncbi.nlm.nih.gov/genomes/all/GCA/000/316/685/GCA_000316685.1_ASM31668v1,ASM31668v1,GCA_000316685.1_ASM31668v1
132,Synechococcus_elongatus_PCC_6301,PCC 6301,Prev,yes,Synechococcus,elongatus,100.0,0.0,19206,SAMD00061073 ,PRJNA13282,Terrabacteria group,Cyanobacteria/Melainabacteria group,GCA_000010065.1,2.69625,55.5,1,2004/12/14,2017/04/06,Complete Genome,ftp://ftp.ncbi.nlm.nih.gov/genomes/all/GCF/000/010/065/GCF_000010065.1_ASM1006v1,ftp://ftp.ncbi.nlm.nih.gov/genomes/all/GCA/000/010/065/GCA_000010065.1_ASM1006v1,ASM1006v1,GCA_000010065.1_ASM1006v1
133,Synechococcus_elongatus_PCC_7942,PCC 7942,Prev,no,Synechococcus,elongatus,100.0,0.0,19206,SAMN02598254 ,PRJNA10645,Terrabacteria group,Cyanobacteria/Melainabacteria group,GCA_000012525.1,2.74227,55.456,2,2005/11/08,2017/04/06,Complete Genome,ftp://ftp.ncbi.nlm.nih.gov/genomes/all/GCF/000/012/525/GCF_000012525.1_ASM1252v1,ftp://ftp.ncbi.nlm.nih.gov/genomes/all/GCA/000/012/525/GCA_000012525.1_ASM1252v1,ASM1252v1,GCA_000012525.1_ASM1252v1
134,Synechococcus_elongatus_UTEX_3055,UTEX 3055,Add,no,Synechococcus,elongatus,100.0,0.24,19206,SAMN09724271 ,PRJNA496333,Terrabacteria group,Cyanobacteria/Melainabacteria group,GCA_003957805.1,2.88122,55.1289,3,2018/12/21,2018/12/26,Complete Genome,ftp://ftp.ncbi.nlm.nih.gov/genomes/all/GCF/003/957/805/GCF_003957805.1_ASM395780v1,ftp://ftp.ncbi.nlm.nih.gov/genomes/all/GCA/003/957/805/GCA_003957805.1_ASM395780v1,ASM395780v1,GCA_003957805.1_ASM395780v1
135,Synechococcus_sp_UTEX_2973,UTEX 2973,Add,no,Synechococcus,elongatus,99.76,0.0,19206,SAMN03278348 ,PRJNA209528,Terrabacteria group,Cyanobacteria/Melainabacteria group,GCA_000817325.1,2.74463,55.4675,3,2015/01/09,2017/04/10,Complete Genome,ftp://ftp.ncbi.nlm.nih.gov/genomes/all/GCF/000/817/325/GCF_000817325.1_ASM81732v1,ftp://ftp.ncbi.nlm.nih.gov/genomes/all/GCA/000/817/325/GCA_000817325.1_ASM81732v1,ASM81732v1,GCA_000817325.1_ASM81732v1
136,Synechococcus_elongatus_PCC_11801,PCC 11801,Add,no,Synechococcus,elongatus,99.65,0.03,19206,SAMN09425400 ,PRJNA476044,Terrabacteria group,Cyanobacteria/Melainabacteria group,GCA_003846445.1,2.69102,54.9,1,2018/11/28,2018/11/28,Chromosome,-,ftp://ftp.ncbi.nlm.nih.gov/genomes/all/GCA/003/846/445/GCA_003846445.1_ASM384644v1,ASM384644v1,GCA_003846445.1_ASM384644v1
137,Candidatus_Synechococcus_spongiarum,1,Nondescribed,no,Synechospongium,sp.,73.92,0.26,51107,SAMEA3861759 ,PRJEB12597,Terrabacteria group,Cyanobacteria/Melainabacteria group,GCA_900047545.1,1.4094799999999998,61.9,179,2016/07/29,2018/01/12,Contig,ftp://ftp.ncbi.nlm.nih.gov/genomes/all/GCF/900/047/545/GCF_900047545.1_m9,ftp://ftp.ncbi.nlm.nih.gov/genomes/all/GCA/900/047/545/GCA_900047545.1_m9,m9,GCA_900047545.1_m9
138,Candidatus_Synechococcus_spongiarum_SP3,SP3,Nondescribed,no,Synechospongium,sp.,94.59,0.55,-,SAMN03003633 ,PRJNA255756,Terrabacteria group,Cyanobacteria/Melainabacteria group,GCA_001007665.1,2.12996,60.9,117,2015/05/14,2015/07/08,Contig,ftp://ftp.ncbi.nlm.nih.gov/genomes/all/GCF/001/007/665/GCF_001007665.1_ASM100766v1,ftp://ftp.ncbi.nlm.nih.gov/genomes/all/GCA/001/007/665/GCA_001007665.1_ASM100766v1,ASM100766v1,GCA_001007665.1_ASM100766v1
139,Candidatus_Synechococcus_spongiarum_142,142,Nondescribed,no,Synechospongium,sp.,87.06,0.0,-,SAMN03291887 ,PRJNA273429,Terrabacteria group,Cyanobacteria/Melainabacteria group,GCA_001007625.1,2.27141,58.4,326,2015/05/14,2015/07/08,Scaffold,-,ftp://ftp.ncbi.nlm.nih.gov/genomes/all/GCA/001/007/625/GCA_001007625.1_ASM100762v1,ASM100762v1,GCA_001007625.1_ASM100762v1
140,Candidatus_Synechococcus_spongiarum_SH4,SH4,Nondescribed,no,Synechospongium,sp.,84.36,1.53,24965,SAMN02643444 ,PRJNA238381,Terrabacteria group,Cyanobacteria/Melainabacteria group,GCA_000586015.1,1.65871,63.1,273,2014/03/07,2017/04/02,Contig,ftp://ftp.ncbi.nlm.nih.gov/genomes/all/GCF/000/586/015/GCF_000586015.1_SynSpo.0,ftp://ftp.ncbi.nlm.nih.gov/genomes/all/GCA/000/586/015/GCA_000586015.1_SynSpo.0,SynSpo.0,GCA_000586015.1_SynSpo.0
141,Synechococcus_sp_UBA8638,UBA8638,Nondescribed,no,Synechospongium,sp.,68.65,0.47,-,SAMN08019075 ,PRJNA417962,Terrabacteria group,Cyanobacteria/Melainabacteria group,GCA_003523965.1,1.4452,61.8,230,2018/09/07,2018/09/07,Scaffold,-,ftp://ftp.ncbi.nlm.nih.gov/genomes/all/GCA/003/523/965/GCA_003523965.1_ASM352396v1,ASM352396v1,GCA_003523965.1_ASM352396v1
142,Candidatus_Synechococcus_spongiarum_15L,15L,Sp,yes,Synechospongium,sp.,87.73,1.29,-,SAMN03323802 ,PRJNA274222,Terrabacteria group,Cyanobacteria/Melainabacteria group,GCA_001007635.1,2.2091,59.1,229,2015/05/14,2015/07/08,Scaffold,ftp://ftp.ncbi.nlm.nih.gov/genomes/all/GCF/001/007/635/GCF_001007635.1_ASM100763v1,ftp://ftp.ncbi.nlm.nih.gov/genomes/all/GCA/001/007/635/GCA_001007635.1_ASM100763v1,ASM100763v1,GCA_001007635.1_ASM100763v1
143,Candidatus_Synechococcus_spongiarum_LMB_bulk15M,LMB bulk15M,Sp,no,Synechospongium,sp.,77.63,0.47,-,SAMN02745638 ,PRJNA239126,Terrabacteria group,Cyanobacteria/Melainabacteria group,GCA_002018045.1,1.50051,60.0,84,2017/03/03,2017/03/03,Scaffold,-,ftp://ftp.ncbi.nlm.nih.gov/genomes/all/GCA/002/018/045/GCA_002018045.1_ASM201804v1,ASM201804v1,GCA_002018045.1_ASM201804v1
144,Candidatus_Synechococcus_spongiarum_LMB_bulk15N,LMB bulk15N,Sp,no,Synechospongium,sp.,73.54,0.0,51106,SAMN02745640 ,PRJNA239118,Terrabacteria group,Cyanobacteria/Melainabacteria group,GCA_002018015.1,1.47274,60.2,107,2017/03/03,2017/03/06,Scaffold,ftp://ftp.ncbi.nlm.nih.gov/genomes/all/GCF/002/018/015/GCF_002018015.1_ASM201801v1,ftp://ftp.ncbi.nlm.nih.gov/genomes/all/GCA/002/018/015/GCA_002018015.1_ASM201801v1,ASM201801v1,GCA_002018015.1_ASM201801v1
145,Synechococcus_sp_AG-670-A19,AG-670-A19,,,,,48.78,0.26,-,SAMN08886581 ,PRJNA445865,Terrabacteria group,Cyanobacteria/Melainabacteria group,GCA_003209215.1,1.3488200000000001,58.5,144,2018/06/12,2018/09/11,Contig,-,ftp://ftp.ncbi.nlm.nih.gov/genomes/all/GCA/003/209/215/GCA_003209215.1_ASM320921v1,ASM320921v1,GCA_003209215.1_ASM320921v1
146,Synechococcus_sp_AG-670-A04,AG-670-A04,,,,,46.27,0.71,-,SAMN08886579 ,PRJNA445865,Terrabacteria group,Cyanobacteria/Melainabacteria group,GCA_003211565.1,1.18872,58.5,116,2018/06/12,2018/09/11,Contig,-,ftp://ftp.ncbi.nlm.nih.gov/genomes/all/GCA/003/211/565/GCA_003211565.1_ASM321156v1,ASM321156v1,GCA_003211565.1_ASM321156v1
147,Synechococcus_sp_MED-G134,MED-G134,,,,,46.16,0.24,-,SAMN10841305 ,PRJNA352798,Terrabacteria group,Cyanobacteria/Melainabacteria group,GCA_004211895.1,0.7967,62.0,79,2019/02/19,2019/02/19,Contig,-,ftp://ftp.ncbi.nlm.nih.gov/genomes/all/GCA/004/211/895/GCA_004211895.1_ASM421189v1,ASM421189v1,GCA_004211895.1_ASM421189v1
148,Synechococcus_sp_AG-686-C21,AG-686-C21,,,,,43.32,0.0,-,SAMN08886662 ,PRJNA445865,Terrabacteria group,Cyanobacteria/Melainabacteria group,GCA_003210345.1,1.05397,52.9,96,2018/06/12,2018/09/11,Contig,-,ftp://ftp.ncbi.nlm.nih.gov/genomes/all/GCA/003/210/345/GCA_003210345.1_ASM321034v1,ASM321034v1,GCA_003210345.1_ASM321034v1
149,Synechococcus_sp_AG-683-B03,AG-683-B03,,,,,42.51,0.47,-,SAMN08886650 ,PRJNA445865,Terrabacteria group,Cyanobacteria/Melainabacteria group,GCA_003208815.1,1.10953,52.0,109,2018/06/12,2018/09/11,Contig,-,ftp://ftp.ncbi.nlm.nih.gov/genomes/all/GCA/003/208/815/GCA_003208815.1_ASM320881v1,ASM320881v1,GCA_003208815.1_ASM320881v1
150,Synechococcus_sp_AG-683-A22,AG-683-A22,,,,,39.97,0.26,-,SAMN08886649 ,PRJNA445865,Terrabacteria group,Cyanobacteria/Melainabacteria group,GCA_003210535.1,1.03167,52.1,119,2018/06/12,2018/09/11,Contig,-,ftp://ftp.ncbi.nlm.nih.gov/genomes/all/GCA/003/210/535/GCA_003210535.1_ASM321053v1,ASM321053v1,GCA_003210535.1_ASM321053v1
151,Synechococcus_sp_TMED66,TMED66,,,,,39.22,0.24,-,SAMN06971920 ,PRJNA385857,Terrabacteria group,Cyanobacteria/Melainabacteria group,GCA_002171685.2,0.739722,55.8,39,2017/06/05,2018/11/25,Contig,-,ftp://ftp.ncbi.nlm.nih.gov/genomes/all/GCA/002/171/685/GCA_002171685.2_ASM217168v2,ASM217168v2,GCA_002171685.2_ASM217168v2
152,Synechococcus_sp_AG-420-M02,AG-420-M02,,,,,36.28,0.0,-,SAMN08886427 ,PRJNA445865,Terrabacteria group,Cyanobacteria/Melainabacteria group,GCA_003213755.1,0.8900620000000001,59.0,69,2018/06/12,2018/09/11,Contig,-,ftp://ftp.ncbi.nlm.nih.gov/genomes/all/GCA/003/213/755/GCA_003213755.1_ASM321375v1,ASM321375v1,GCA_003213755.1_ASM321375v1
153,Synechococcus_sp_AG-679-B21,AG-679-B21,,,,,35.36,0.0,-,SAMN08886633 ,PRJNA445865,Terrabacteria group,Cyanobacteria/Melainabacteria group,GCA_003208915.1,1.0255299999999998,55.0,88,2018/06/12,2018/09/11,Contig,-,ftp://ftp.ncbi.nlm.nih.gov/genomes/all/GCA/003/208/915/GCA_003208915.1_ASM320891v1,ASM320891v1,GCA_003208915.1_ASM320891v1
154,Synechococcus_sp_AG-670-G20,AG-670-G20,,,,,33.88,0.0,-,SAMN08886586 ,PRJNA445865,Terrabacteria group,Cyanobacteria/Melainabacteria group,GCA_003211455.1,0.9703950000000001,58.2,84,2018/06/12,2018/09/11,Contig,-,ftp://ftp.ncbi.nlm.nih.gov/genomes/all/GCA/003/211/455/GCA_003211455.1_ASM321145v1,ASM321145v1,GCA_003211455.1_ASM321145v1
155,Synechococcus_sp_AG-683-F20,AG-683-F20,,,,,31.57,0.0,-,SAMN08886653 ,PRJNA445865,Terrabacteria group,Cyanobacteria/Melainabacteria group,GCA_003210495.1,0.972807,55.7,81,2018/06/12,2018/09/11,Contig,-,ftp://ftp.ncbi.nlm.nih.gov/genomes/all/GCA/003/210/495/GCA_003210495.1_ASM321049v1,ASM321049v1,GCA_003210495.1_ASM321049v1
156,Candidatus_Synechococcus_spongiarum_LMB_bulk10D,LMB bulk10D,,,,,28.48,0.24,-,SAMN02745391 ,PRJNA235061,Terrabacteria group,Cyanobacteria/Melainabacteria group,GCA_002017915.1,0.565311,59.4,62,2017/03/03,2017/03/03,Scaffold,-,ftp://ftp.ncbi.nlm.nih.gov/genomes/all/GCA/002/017/915/GCA_002017915.1_ASM201791v1,ASM201791v1,GCA_002017915.1_ASM201791v1
157,Synechococcus_sp_AG-683-A02,AG-683-A02,,,,,26.37,0.94,-,SAMN08886647 ,PRJNA445865,Terrabacteria group,Cyanobacteria/Melainabacteria group,GCA_003210565.1,0.696769,52.1,107,2018/06/12,2018/09/11,Contig,-,ftp://ftp.ncbi.nlm.nih.gov/genomes/all/GCA/003/210/565/GCA_003210565.1_ASM321056v1,ASM321056v1,GCA_003210565.1_ASM321056v1
158,Candidatus_Synechococcus_spongiarum_LMB_bulk10E,LMB bulk10E,,,,,24.49,0.0,-,SAMN02745393 ,PRJNA235068,Terrabacteria group,Cyanobacteria/Melainabacteria group,GCA_002017955.1,0.45545399999999997,59.6,50,2017/03/03,2017/03/03,Scaffold,-,ftp://ftp.ncbi.nlm.nih.gov/genomes/all/GCA/002/017/955/GCA_002017955.1_ASM201795v1,ASM201795v1,GCA_002017955.1_ASM201795v1
159,Synechococcus_sp_AG-686-C23,AG-686-C23,,,,,22.47,0.0,-,SAMN08886663 ,PRJNA445865,Terrabacteria group,Cyanobacteria/Melainabacteria group,GCA_003208755.1,0.569328,53.6,60,2018/06/12,2018/09/11,Contig,-,ftp://ftp.ncbi.nlm.nih.gov/genomes/all/GCA/003/208/755/GCA_003208755.1_ASM320875v1,ASM320875v1,GCA_003208755.1_ASM320875v1
160,Synechococcus_sp_AG-686-D09,AG-686-D09,,,,,20.35,0.0,-,SAMN08886664 ,PRJNA445865,Terrabacteria group,Cyanobacteria/Melainabacteria group,GCA_003210335.1,0.7863,51.3,55,2018/06/12,2018/09/11,Contig,-,ftp://ftp.ncbi.nlm.nih.gov/genomes/all/GCA/003/210/335/GCA_003210335.1_ASM321033v1,ASM321033v1,GCA_003210335.1_ASM321033v1
161,Synechococcus_sp_AG-676-A03,AG-676-A03,,,,,19.28,0.0,-,SAMN08886616 ,PRJNA445865,Terrabacteria group,Cyanobacteria/Melainabacteria group,GCA_003211035.1,0.454271,56.6,48,2018/06/12,2018/09/11,Contig,-,ftp://ftp.ncbi.nlm.nih.gov/genomes/all/GCA/003/211/035/GCA_003211035.1_ASM321103v1,ASM321103v1,GCA_003211035.1_ASM321103v1
162,Synechococcus_sp_AG-450-M17,AG-450-M17,,,,,19.1,0.0,-,SAMN08886534 ,PRJNA445865,Terrabacteria group,Cyanobacteria/Melainabacteria group,GCA_003209555.1,0.790263,56.0,27,2018/06/12,2018/09/11,Contig,-,ftp://ftp.ncbi.nlm.nih.gov/genomes/all/GCA/003/209/555/GCA_003209555.1_ASM320955v1,ASM320955v1,GCA_003209555.1_ASM320955v1
163,Synechococcus_sp_AG-676-E04,AG-676-E04,,,,,18.59,0.24,-,SAMN08886619 ,PRJNA445865,Terrabacteria group,Cyanobacteria/Melainabacteria group,GCA_003210975.1,0.579549,54.7,15,2018/06/12,2018/09/11,Contig,-,ftp://ftp.ncbi.nlm.nih.gov/genomes/all/GCA/003/210/975/GCA_003210975.1_ASM321097v1,ASM321097v1,GCA_003210975.1_ASM321097v1
164,Synechococcus_sp_AG-686-A05,AG-686-A05,,,,,13.49,0.0,-,SAMN08886660 ,PRJNA445865,Terrabacteria group,Cyanobacteria/Melainabacteria group,GCA_003210385.1,0.269552,54.5,19,2018/06/12,2018/09/11,Contig,-,ftp://ftp.ncbi.nlm.nih.gov/genomes/all/GCA/003/210/385/GCA_003210385.1_ASM321038v1,ASM321038v1,GCA_003210385.1_ASM321038v1
165,Synechococcus_sp_AG-323-G20,AG-323-G20,,,,,6.59,0.0,-,SAMN08886028 ,PRJNA445865,Terrabacteria group,Cyanobacteria/Melainabacteria group,GCA_003283135.1,0.399696,44.0,23,2018/06/28,2018/09/11,Contig,-,ftp://ftp.ncbi.nlm.nih.gov/genomes/all/GCA/003/283/135/GCA_003283135.1_ASM328313v1,ASM328313v1,GCA_003283135.1_ASM328313v1
166,Synechococcus_sp_AG-450-D21,AG-450-D21,,,,,3.84,0.0,-,SAMN08886533 ,PRJNA445865,Terrabacteria group,Cyanobacteria/Melainabacteria group,GCA_003212155.1,0.23475,52.3,24,2018/06/12,2018/09/11,Contig,-,ftp://ftp.ncbi.nlm.nih.gov/genomes/all/GCA/003/212/155/GCA_003212155.1_ASM321215v1,ASM321215v1,GCA_003212155.1_ASM321215v1
167,Synechococcus_sp_AG-323-A11,AG-323-A11,,,,,3.76,0.0,-,SAMN08886021 ,PRJNA445865,Terrabacteria group,Cyanobacteria/Melainabacteria group,GCA_003283205.1,0.23309899999999997,51.3,10,2018/06/28,2018/09/11,Contig,-,ftp://ftp.ncbi.nlm.nih.gov/genomes/all/GCA/003/283/205/GCA_003283205.1_ASM328320v1,ASM328320v1,GCA_003283205.1_ASM328320v1
168,Synechococcus_sp_AG-323-F11,AG-323-F11,,,,,3.18,0.0,-,SAMN08886027 ,PRJNA445865,Terrabacteria group,Cyanobacteria/Melainabacteria group,GCA_003283165.1,0.226596,50.6,15,2018/06/28,2018/09/11,Contig,-,ftp://ftp.ncbi.nlm.nih.gov/genomes/all/GCA/003/283/165/GCA_003283165.1_ASM328316v1,ASM328316v1,GCA_003283165.1_ASM328316v1
169,Synechococcus_sp_AG-323-A01,AG-323-A01,,,,,3.03,0.0,-,SAMN08886020 ,PRJNA445865,Terrabacteria group,Cyanobacteria/Melainabacteria group,GCA_003283215.1,0.18650899999999998,49.5,16,2018/06/28,2018/09/11,Contig,-,ftp://ftp.ncbi.nlm.nih.gov/genomes/all/GCA/003/283/215/GCA_003283215.1_ASM328321v1,ASM328321v1,GCA_003283215.1_ASM328321v1
170,Synechococcus_sp_AG-323-O22,AG-323-O22,,,,,0.94,0.0,-,SAMN08886033 ,PRJNA445865,Terrabacteria group,Cyanobacteria/Melainabacteria group,GCA_003283055.1,0.42950200000000005,46.0,41,2018/06/28,2018/09/11,Contig,-,ftp://ftp.ncbi.nlm.nih.gov/genomes/all/GCA/003/283/055/GCA_003283055.1_ASM328305v1,ASM328305v1,GCA_003283055.1_ASM328305v1
